unit,probe,suggestion,turtle_flag
donatello,donatello,donatello,0
donatello,donatello,donatello ninja turtle,1
donatello,donatello,donatello tampa,0
donatello,donatello,donatello turtle,1
donatello,donatello,donatello tmnt,1
donatello,donatello,donatello david,0
donatello,donatello,donatellos pizza,0
donatello,donatello,donatello versace,0
donatello,donatello,donatello versus,0
donatello,donatello,donatello artist,0
donatello,donatello a,donatello artist,0
donatello,donatello a,donatello artwork,0
donatello,donatello a,donatello art,0
donatello,donatello a,donatello and april,0
donatello,donatello a,donatello as the invisible man,0
donatello,donatello a,donatello action figure,0
donatello,donatello a,donatello and michelangelo,0
donatello,donatello a,donatello apartments,0
donatello,donatello a,donatello and leonardo,0
donatello,donatello a,donatello artist full name,0
donatello,donatello b,donatello bo staff,1
donatello,donatello b,donatello bologna,0
donatello,donatello b,donatello backpack,0
donatello,donatello b,donatello bronze david,0
donatello,donatello b,donatello bonasera,0
donatello,donatello b,donatello binoculars meme,0
donatello,donatello b,donatello birthday tmnt,1
donatello,donatello b,donatello birthday,0
donatello,donatello b,donatello bologna restaurant,0
donatello,donatello b,donatello bardi,0
donatello,donatello c,donatello costume,0
donatello,donatello c,donatello coloring page,0
donatello,donatello c,donatello cheese,0
donatello,donatello c,donatello color,0
donatello,donatello c,donatello crucifix,0
donatello,donatello c,donatello cologne,0
donatello,donatello c,donatello commander deck,0
donatello,donatello c,donatello cartoon,0
donatello,donatello c,donatello cosplay,0
donatello,donatello c,donatello commander,0
donatello,donatello d,donatello david,0
donatello,donatello d,donatello david sculpture,0
donatello,donatello d,donatello david statue,0
donatello,donatello d,donatello does machines,0
donatello,donatello d,donatello death,0
donatello,donatello d,donatello designer,0
donatello,donatello d,donatello death last ronin,0
donatello,donatello d,donatello drawing,0
donatello,donatello d,donatello death tmnt,1
donatello,donatello d,donatello dress code,0
donatello,donatello e,donatello electric,0
donatello,donatello e,donatello electric reviews,0
donatello,donatello e,donatello eyes meme,0
donatello,donatello e,donatello edhrec,0
donatello,donatello e,donatello espresso,0
donatello,donatello e,donatello eaten by rats,0
donatello,donatello e,donatello eyebrow raise,0
donatello,donatello e,donatello eating pizza,0
donatello,donatello e,donatello electric inc,0
donatello,donatello e,donatello eyes,0
donatello,donatello f,donatello fuggler,0
donatello,donatello f,donatello from ninja turtles,1
donatello,donatello f,donatello funko pop,0
donatello,donatello f,donatello famous works,0
donatello,donatello f,donatello full name,0
donatello,donatello f,donatello figure,0
donatello,donatello f,donatello france,0
donatello,donatello f,donatello fortnite,0
donatello,donatello f,donatello fashion designer,0
donatello,donatello f,donatello famous artworks,0
donatello,donatello g,donatello gadget master,0
donatello,donatello g,donatello gian,0
donatello,donatello g,donatello gian jewelry,0
donatello,donatello g,donatello gadget master mtg,0
donatello,donatello g,donatello goggles meme,0
donatello,donatello g,donatello glasses meme,0
donatello,donatello g,donatello gif,0
donatello,donatello g,donatello glasses,0
donatello,donatello g,donatello goggles,0
donatello,donatello g,donatello godzilla,0
donatello,donatello h,donatello hotel san francisco,0
donatello,donatello h,donatello hotel,0
donatello,donatello h,donatello hamato,0
donatello,donatello h,donatello hotel san francisco reviews,0
donatello,donatello h,donatello height,0
donatello,donatello h,donatello halloween costume,0
donatello,donatello h,donatello horse,0
donatello,donatello h,donatello hell hades,0
donatello,donatello h,donatello hotel dubai,0
donatello,donatello h,donatello hello kitty,0
donatello,donatello i,donatello italian restaurant,0
donatello,donatello i,donatello italian restaurant menu,0
donatello,donatello i,donatello italian restaurant photos,0
donatello,donatello i,donatello invisible man,0
donatello,donatello i,donatello italian restaurant tampa,0
donatello,donatello i,donatello italian,0
donatello,donatello i,donatello invisible man figure,0
donatello,donatello i,donatello italian sculptor,0
donatello,donatello i,donatello iq,0
donatello,donatello i,donatello in supernatural,0
donatello,donatello j,donatello jojo,0
donatello,donatello j,donatello jet jaguar,0
donatello,donatello j,donatello judith and holofernes,0
donatello,donatello j,donatello jet jaguar release date,0
donatello,donatello j,donatello judith,0
donatello,donatello j,donatello john the baptist,0
donatello,donatello j,donatello jet jaguar figure,0
donatello,donatello j,donatello jojo stand,0
donatello,donatello j,donatello jewelry,0
donatello,donatello j,donatello joshua,0
donatello,donatello k,donatello keychain,0
donatello,donatello k,donatello kush strain,0
donatello,donatello k,donatello kylian mbappe,0
donatello,donatello k,donatello kaiju,0
donatello,donatello k,donatello king david,0
donatello,donatello k,donatello known for,0
donatello,donatello k,donatello k davis,0
donatello,donatello k,donatello kediri,0
donatello,donatello k,donatello kudus,0
donatello,donatello k,donatello kura kura ninja,1
donatello,donatello l,donatello looking meme,0
donatello,donatello l,donatello live action,0
donatello,donatello l,donatello last ronin,0
donatello,donatello l,donatello last name,0
donatello,donatello l,donatello live action meme,0
donatello,donatello l,donatello leonardo michelangelo raphael,0
donatello,donatello l,donatello lego,0
donatello,donatello l,donatello light blue,0
donatello,donatello l,donatello leather florence,0
donatello,donatello l,donatello life,0
donatello,donatello m,donatello mutant mechanic,1
donatello,donatello m,donatello mtg,0
donatello,donatello m,donatello mbappe,0
donatello,donatello m,donatello meme,0
donatello,donatello m,donatello mutant mechanic mtg,1
donatello,donatello m,donatello mary magdalene,0
donatello,donatello m,donatello meaning,0
donatello,donatello m,donatello mtg card,0
donatello,donatello m,donatello most famous work,0
donatello,donatello m,donatello mutant turtle,1
donatello,donatello n,donatello ninja turtle,1
donatello,donatello n,donatello ninja turtle toy,1
donatello,donatello n,donatello name meaning,0
donatello,donatello n,donatello ninja turtle weapon,1
donatello,donatello n,donatello ninja turtle personality,1
donatello,donatello n,donatello ninja,1
donatello,donatello n,donatello ninja turtle mbappe,1
donatello,donatello n,donatello ninja turtle live action,1
donatello,donatello n,donatello ninja turtle meme,1
donatello,donatello n,donatello ninja turtle costume,1
donatello,donatello o,donatello overwatch,0
donatello,donatello o,donatello outfit,0
donatello,donatello o,donatello overwatch profile,0
donatello,donatello o,donatello orsanmichele,0
donatello,donatello o,donatello out of the shadows,0
donatello,donatello o,donatello opera night,0
donatello,donatello o,donatello on supernatural,0
donatello,donatello o,donatello original tmnt,1
donatello,donatello o,donatello obras,0
donatello,donatello o,donatello opere,0
donatello,donatello p,donatello paintings,0
donatello,donatello p,donatello painter,0
donatello,donatello p,donatello pizza,0
donatello,donatello p,donatello perfume,0
donatello,donatello p,donatello personality,0
donatello,donatello p,donatello pronunciation,0
donatello,donatello p,donatello pfp,0
donatello,donatello p,donatello plush,0
donatello,donatello p,donatello purple,0
donatello,donatello p,donatello personality tmnt,1
donatello,donatello q,donatello quotes,0
donatello,donatello q,donatello quotes tmnt,1
donatello,donatello q,donatello quartzite,0
donatello,donatello q,donatello quotes renaissance,0
donatello,donatello q,donatello quad motor lift chair,0
donatello,donatello q,donatello quien fue,0
donatello,donatello q,donatello quint motor,0
donatello,donatello q,donatello que significa,0
donatello,donatello q,donatello quartz,0
donatello,donatello q,donatello quad lift recliner,0
donatello,donatello r,donatello restaurant,0
donatello,donatello r,donatello rottmnt,1
donatello,donatello r,donatello raid,0
donatello,donatello r,donatello restaurant tampa,0
donatello,donatello r,donatello renaissance,0
donatello,donatello r,donatello rise of the tmnt,1
donatello,donatello r,donatello raid shadow legends,0
donatello,donatello r,donatello restaurant toronto,0
donatello,donatello r,donatello restaurant bologna,0
donatello,donatello r,donatello redfield,0
donatello,donatello s,donatello sculptures,0
donatello,donatello s,donatello san francisco,0
donatello,donatello s,donatello supernatural,0
donatello,donatello s,donatello squinting meme,0
donatello,donatello s,donatello school of nursing and healthcare,0
donatello,donatello s,donatello school of nursing,0
donatello,donatello s,donatello staff,0
donatello,donatello s,donatello strain,0
donatello,donatello s,donatello sculptor,0
donatello,donatello s,donatello statue of david,0
donatello,donatello t,donatello tampa,0
donatello,donatello t,donatello turtle,1
donatello,donatello t,donatello tmnt,1
donatello,donatello t,donatello teenage mutant ninja turtles,1
donatello,donatello t,donatello triplets,0
donatello,donatello t,donatello tmnt 2012,1
donatello,donatello t,donatello tortuga ninja,1
donatello,donatello t,donatello the brains mtg,0
donatello,donatello t,donatello tmnt movie,1
donatello,donatello t,donatello the brains,0
donatello,donatello u,donatello uomo gentleman,0
donatello,donatello u,donatello uomo light blue,0
donatello,donatello u,donatello uomo,0
donatello,donatello u,donatello uomo for men,0
donatello,donatello u,donatello universal monsters,0
donatello,donatello u,donatello uomo milano,0
donatello,donatello u,donatello uomo gentleman for men,0
donatello,donatello u,donatello uomo milano light blue,0
donatello,donatello u,donatello uomo for men price,0
donatello,donatello u,donatello unmatched,0
donatello,donatello v,donatello versace,0
donatello,donatello v,donatello versus,0
donatello,donatello v,donatello voice actor,1
donatello,donatello v,donatello versus stand,0
donatello,donatello v,donatello versace jojo,0
donatello,donatello v,donatello versus jojo,0
donatello,donatello v,donatello versace young,0
donatello,donatello v,donatello versace before and after,0
donatello,donatello v,donatello voice actor 1987,1
donatello,donatello v,donatello vs michelangelo,0
donatello,donatello w,donatello weapon,0
donatello,donatello w,donatello way with machines,1
donatello,donatello w,donatello way with machines mtg,1
donatello,donatello w,donatello work,0
donatello,donatello w,donatello weapon name,0
donatello,donatello w,donatello winder ga,0
donatello,donatello w,donatello weapon tmnt,1
donatello,donatello w,donatello with glasses,0
donatello,donatello w,donatello wallpaper,0
donatello,donatello w,donatello wiki,0
donatello,donatello x,donatello x jet jaguar,0
donatello,donatello x,donatello x godzilla,0
donatello,donatello x,donatello x reader,0
donatello,donatello x,donatello x april,0
donatello,donatello x,donatello x reader ao3,0
donatello,donatello x,donatello x leonardo,0
donatello,donatello x,donatello x michelangelo,0
donatello,donatello x,donatello x casey,0
donatello,donatello x,donatello x leatherhead,0
donatello,donatello x,donatello x godzilla figure,0
donatello,donatello y,donatello y mbappe,0
donatello,donatello y,donatello yeah yeah yeah,0
donatello,donatello y,donatello yogyakarta,0
donatello,donatello y,donatello yeah gif,0
donatello,donatello y,donatello young,0
donatello,donatello y,donatello youtooz,0
donatello,donatello y,donatello years,0
donatello,donatello y,donatello's york pa,0
donatello,donatello y,donatello young david,0
donatello,donatello y,donatello years alive,0
donatello,donatello z,donatello zooming in meme,0
donatello,donatello z,donatello zooming in,0
donatello,donatello z,donatello zuccone,0
donatello,donatello z,donatello zuccone sculpture,0
donatello,donatello z,donatello zlatibor,0
donatello,donatello z,donatello zapiekanka,0
donatello,donatello z,donatello z kurczakiem,0
donatello,donatello z,why donatello is the best ninja turtle,1
donatello,donatello z,which ninja turtle is donatello,1
masaccio,masaccio,masaccio,0
masaccio,masaccio,masaccio holy trinity,0
masaccio,masaccio,masaccio paintings,0
masaccio,masaccio,masaccio tribute money,0
masaccio,masaccio,masaccio expulsion from the garden of eden,0
masaccio,masaccio,masaccio pronunciation,0
masaccio,masaccio,masaccio trinity,0
masaccio,masaccio,masaccio virgin and child,0
masaccio,masaccio,masaccio expulsion of adam and eve,0
masaccio,masaccio,masaccio meaning,0
masaccio,masaccio a,masaccio artist,0
masaccio,masaccio a,masaccio adam and eve painting,0
masaccio,masaccio a,masaccio art,0
masaccio,masaccio a,masaccio artwork,0
masaccio,masaccio a,masaccio and masolino,0
masaccio,masaccio a,masaccio adam and eve expelled from paradise,0
masaccio,masaccio a,masaccio adam and eve fresco,0
masaccio,masaccio a,masaccio and masolino brancacci chapel,0
masaccio,masaccio a,masaccio artist paintings,0
masaccio,masaccio a,masaccio adan y eva,0
masaccio,masaccio b,masaccio brancacci chapel,0
masaccio,masaccio b,masaccio brancacci chapel frescoes,0
masaccio,masaccio b,masaccio baptism of the neophytes,0
masaccio,masaccio b,masaccio birth and death,0
masaccio,masaccio b,masaccio buğday,0
masaccio,masaccio b,masaccio biography,0
masaccio,masaccio b,brunelleschi and masaccio,0
masaccio,masaccio b,masaccio book,0
masaccio,masaccio b,masaccio baptism,0
masaccio,masaccio b,masaccio britannica,0
masaccio,masaccio c,masaccio chapel florence,0
masaccio,masaccio c,masaccio crucifixion,0
masaccio,masaccio c,masaccio cascia,0
masaccio,masaccio c,masaccio cascia di reggello,0
masaccio,masaccio c,masaccio cacciata,0
masaccio,masaccio c,masaccio classico superiore,0
masaccio,masaccio c,masaccio cause of death,0
masaccio,masaccio c,masaccio crucifixion santa maria novella,0
masaccio,masaccio c,masaccio cacciata dal paradiso,0
masaccio,masaccio d,masaccio death,0
masaccio,masaccio d,masaccio dreifaltigkeit,0
masaccio,masaccio d,masaccio dead christ,0
masaccio,masaccio d,masaccio drawings,0
masaccio,masaccio d,masaccio definition,0
masaccio,masaccio d,masaccio donatello,0
masaccio,masaccio d,masaccio drive mcgregor,0
masaccio,masaccio d,masaccio death cause,0
masaccio,masaccio d,masaccio dzieła,0
masaccio,masaccio d,masaccio die heilige dreifaltigkeit,0
masaccio,masaccio e,masaccio expulsion from the garden of eden,0
masaccio,masaccio e,masaccio expulsion of adam and eve,0
masaccio,masaccio e,masaccio expulsion from paradise,0
masaccio,masaccio e,masaccio expulsion,0
masaccio,masaccio e,masaccio expulsion from the garden,0
masaccio,masaccio e,masaccio expulsion of adam and eve from eden,0
masaccio,masaccio e,masaccio eve,0
masaccio,masaccio e,masaccio expulsion from eden,0
masaccio,masaccio e,masaccio eden,0
masaccio,masaccio e,masaccio expulsion of adam and eve analysis,0
masaccio,masaccio f,masaccio frescoes,0
masaccio,masaccio f,masaccio famous paintings,0
masaccio,masaccio f,masaccio frescoes in florence,0
masaccio,masaccio f,masaccio frescoes brancacci chapel,0
masaccio,masaccio f,masaccio full name,0
masaccio,masaccio f,masaccio florence,0
masaccio,masaccio f,masaccio firenze,0
masaccio,masaccio f,masaccio famous works,0
masaccio,masaccio f,masaccio fig,0
masaccio,masaccio f,masaccio florence brancacci chapel,0
masaccio,masaccio g,masaccio garden of eden,0
masaccio,masaccio g,masaccio giotto,0
masaccio,masaccio g,masaccio giovanni,0
masaccio,masaccio g,masaccio giambologna,0
masaccio,masaccio g,masaccio gold,0
masaccio,masaccio g,masaccio guest house firenze,0
masaccio,masaccio g,masaccio gemäldegalerie berlin,0
masaccio,masaccio g,masaccio guest house,0
masaccio,masaccio g,masaccio gesù,0
masaccio,masaccio g,masaccio gemälde,0
masaccio,masaccio h,masaccio holy trinity,0
masaccio,masaccio h,masaccio holy trinity fresco,0
masaccio,masaccio h,masaccio holy trinity linear perspective,0
masaccio,masaccio h,masaccio holy trinity santa maria novella,0
masaccio,masaccio h,masaccio holy trinity inscription,0
masaccio,masaccio h,masaccio how to pronounce,0
masaccio,masaccio h,masaccio horse,0
masaccio,masaccio h,masaccio holy trinity analysis,0
masaccio,masaccio h,masaccio holy trinity 1427,0
masaccio,masaccio h,masaccio hitachi,0
masaccio,masaccio i,masaccio in florence,0
masaccio,masaccio i,masaccio is regarded as one of the most,0
masaccio,masaccio i,masaccio in hindi,0
masaccio,masaccio i,masaccio italy,0
masaccio,masaccio i,masaccio images,0
masaccio,masaccio i,masaccio italian painter,0
masaccio,masaccio i,masaccio information,0
masaccio,masaccio i,masaccio in rome,0
masaccio,masaccio i,masaccio in english,0
masaccio,masaccio i,masaccio italia,0
masaccio,masaccio j,masaccio jesus,0
masaccio,masaccio j,masaccio jewel,0
masaccio,masaccio j,masaccio jesus painting,0
masaccio,masaccio j,masaccio john t spike,0
masaccio,masaccio j,masaccio jacket,0
masaccio,masaccio j,joe masaccio,0
masaccio,masaccio j,masaccio st jerome and john the baptist,0
masaccio,masaccio j,masaccio saint jerome,0
masaccio,masaccio j,masaccio saints jerome and john the baptist,0
masaccio,masaccio j,masaccio saint julien,0
masaccio,masaccio k,masaccio known for,0
masaccio,masaccio k,masaccio khan academy,0
masaccio,masaccio k,masaccio ki painting,0
masaccio,masaccio k,masaccio kaplica brancacci,0
masaccio,masaccio k,masaccio kreuzigung,0
masaccio,masaccio k,masaccio kimdir,0
masaccio,masaccio k,masaccio kunst,0
masaccio,masaccio k,masaccio künstler,0
masaccio,masaccio k,know masaccio's major works,0
masaccio,masaccio k,masaccio holy trinity khan academy,0
masaccio,masaccio l,masaccio lounge,0
masaccio,masaccio l,masaccio la trinidad,0
masaccio,masaccio l,masaccio la trinité,0
masaccio,masaccio l,masaccio la trinità,0
masaccio,masaccio l,masaccio lounge florence airport,0
masaccio,masaccio l,masaccio linear perspective,0
masaccio,masaccio l,masaccio lounge florence,0
masaccio,masaccio l,masaccio la crucifixion,0
masaccio,masaccio l,masaccio life,0
masaccio,masaccio l,masaccio lamentation,0
masaccio,masaccio m,masaccio meaning,0
masaccio,masaccio m,masaccio madonna and child,0
masaccio,masaccio m,masaccio meaning in malayalam,0
masaccio,masaccio m,masaccio madonna,0
masaccio,masaccio m,masaccio madonna and child uffizi,0
masaccio,masaccio m,masaccio most famous work,0
masaccio,masaccio m,masaccio museum,0
masaccio,masaccio m,masaccio madonna del solletico,0
masaccio,masaccio m,masaccio morte,0
masaccio,masaccio m,masaccio madonna con bambino,0
masaccio,masaccio n,masaccio national gallery,0
masaccio,masaccio n,masaccio national gallery london,0
masaccio,masaccio n,masaccio name,0
masaccio,masaccio n,masaccio name meaning,0
masaccio,masaccio n,masaccio nickname,0
masaccio,masaccio n,masaccio nativity,0
masaccio,masaccio n,masaccio name pronunciation,0
masaccio,masaccio n,masaccio neophytes,0
masaccio,masaccio n,masaccio nome,0
masaccio,masaccio n,masaccio nascita e morte,0
masaccio,masaccio o,masaccio opere,0
masaccio,masaccio o,masaccio obras,0
masaccio,masaccio o,masaccio opere principali,0
masaccio,masaccio o,masaccio obra más importante,0
masaccio,masaccio o,masaccio oeuvres,0
masaccio,masaccio o,masaccio opere a firenze,0
masaccio,masaccio o,masaccio opere importanti,0
masaccio,masaccio o,masaccio obrazy,0
masaccio,masaccio o,masaccio opera più importante,0
masaccio,masaccio o,masaccio opera,0
masaccio,masaccio p,masaccio paintings,0
masaccio,masaccio p,masaccio pronunciation,0
masaccio,masaccio p,masaccio painter,0
masaccio,masaccio p,masaccio perspective,0
masaccio,masaccio p,masaccio pronunciation in english,0
masaccio,masaccio p,masaccio paintings features,0
masaccio,masaccio p,masaccio portrait,0
masaccio,masaccio p,masaccio paintings renaissance,0
masaccio,masaccio p,masaccio paintings names,0
masaccio,masaccio q,masaccio quartz,0
masaccio,masaccio q,masaccio quilted coverlet,0
masaccio,masaccio q,masaccio quotes,0
masaccio,masaccio q,masaccio quadri,0
masaccio,masaccio q,masaccio quattrocento,0
masaccio,masaccio q,masaccio quien fue,0
masaccio,masaccio q,masaccio quantra quartz,0
masaccio,masaccio q,masaccio quadro,0
masaccio,masaccio q,masaccio quem foi,0
masaccio,masaccio q,masaccio quando è nato,0
masaccio,masaccio r,masaccio round shape wall painting,0
masaccio,masaccio r,masaccio renaissance,0
masaccio,masaccio r,masaccio restaurant,0
masaccio,masaccio r,masaccio real name,0
masaccio,masaccio r,masaccio renaissance art,0
masaccio,masaccio r,masaccio reggello,0
masaccio,masaccio r,masaccio riassunto,0
masaccio,masaccio r,masaccio ristorante,0
masaccio,masaccio r,masaccio ritratto,0
masaccio,masaccio r,masaccio ristorante reggello,0
masaccio,masaccio s,masaccio santa maria novella,0
masaccio,masaccio s,masaccio saint peter,0
masaccio,masaccio s,masaccio style,0
masaccio,masaccio s,masaccio sculpture,0
masaccio,masaccio s,masaccio st paul,0
masaccio,masaccio s,masaccio st peter,0
masaccio,masaccio s,masaccio san giovenale triptych,0
masaccio,masaccio s,masaccio self portrait,0
masaccio,masaccio s,masaccio santa maria del carmine,0
masaccio,masaccio t,masaccio tribute money,0
masaccio,masaccio t,masaccio the holy trinity,0
masaccio,masaccio t,masaccio trinity,0
masaccio,masaccio t,masaccio triptych,0
masaccio,masaccio t,masaccio the expulsion from the garden of eden,0
masaccio,masaccio t,masaccio trinity fresco,0
masaccio,masaccio t,masaccio the tribute money c. 1427,0
masaccio,masaccio t,masaccio the tribute money (1425),0
masaccio,masaccio t,masaccio the fall,0
masaccio,masaccio t,masaccio trinità,0
masaccio,masaccio u,masaccio used which of the following in tribute money,0
masaccio,masaccio u,masaccio uccello,0
masaccio,masaccio u,masaccio uffizi,0
masaccio,masaccio u,masaccio uffizi firenze,0
masaccio,masaccio u,ukrzyżowanie masaccio,0
masaccio,masaccio u,masaccio madonna uffizi,0
masaccio,masaccio u,masaccio ultima cena,0
masaccio,masaccio u,masaccio uffizi cruciverba,0
masaccio,masaccio u,did masaccio use linear perspective,0
masaccio,masaccio u,unipol masaccio firenze,0
masaccio,masaccio v,masaccio virgin and child,0
masaccio,masaccio v,masaccio virgin and child national gallery,0
masaccio,masaccio v,masaccio vanishing point,0
masaccio,masaccio v,masaccio virgin and child with saint anne,0
masaccio,masaccio v,masaccio virgin and child enthroned,0
masaccio,masaccio v,masaccio virgin and child 1426,0
masaccio,masaccio v,masaccio vita,0
masaccio,masaccio v,masaccio vertreibung aus dem paradies,0
masaccio,masaccio v,masaccio vero nome,0
masaccio,masaccio v,masaccio vita e opere,0
masaccio,masaccio w,masaccio works,0
masaccio,masaccio w,masaccio wikipedia,0
masaccio,masaccio w,masaccio wall painting,0
masaccio,masaccio w,masaccio wine,0
masaccio,masaccio w,masaccio wikiart,0
masaccio,masaccio w,masaccio was a significant painter because,0
masaccio,masaccio w,masaccio wool,0
masaccio,masaccio w,masaccio was known for,0
masaccio,masaccio w,was masaccio a renaissance artist,0
masaccio,masaccio w,was masaccio a painter,0
masaccio,masaccio y,youtube masaccio,0
masaccio,masaccio y,masaccio y masolino,0
masaccio,masaccio y,masaccio holy trinity year,0
masaccio,masaccio y,masaccio adan y eva,0
masaccio,masaccio y,masaccio la virgen y el niño,0
masaccio,masaccio y,giotto y masaccio,0
masaccio,masaccio y,brunelleschi y masaccio,0
masaccio,masaccio y,masaccio y botticelli,0
masaccio,masaccio y,masaccio y fra angelico,0
masaccio,masaccio y,masaccio y la perspectiva,0
masaccio,masaccio z,masaccio zinsgroschen,0
masaccio,masaccio z,zona masaccio firenze,0
masaccio,masaccio z,masaccio wygnanie z raju,0
masaccio,masaccio z,masaccio der zinsgroschen,0
masaccio,masaccio z,wypędzenie z raju masaccio,0
masaccio,masaccio z,masaccio zanichelli,0
masaccio,masaccio z,masaccio madonna z dzieciątkiem,0
masaccio,masaccio z,masaccio pdf zanichelli,0
masaccio,masaccio z,federico zeri masaccio,0
leonardo da vinci,leonardo da vinci,leonardo da vinci,0
leonardo da vinci,leonardo da vinci,leonardo da vinci paintings,0
leonardo da vinci,leonardo da vinci,leonardo da vinci last supper,0
leonardo da vinci,leonardo da vinci,leonardo da vinci inventions,0
leonardo da vinci,leonardo da vinci,leonardo da vinci museum,0
leonardo da vinci,leonardo da vinci,leonardo da vinci airport,0
leonardo da vinci,leonardo da vinci,leonardo da vinci wife,0
leonardo da vinci,leonardo da vinci,leonardo da vinci famous paintings,0
leonardo da vinci,leonardo da vinci,leonardo da vinci international airport,0
leonardo da vinci,leonardo da vinci,leonardo da vinci lego,0
michelangelo,michelangelo,michelangelo,0
michelangelo,michelangelo,michelangelo david,0
michelangelo,michelangelo,michelangelo paintings,0
michelangelo,michelangelo,michelangelo pizza,0
michelangelo,michelangelo,michelangelo ninja turtle,1
michelangelo,michelangelo,michelangelo sculptures,0
michelangelo,michelangelo,michelangelo pieta,0
michelangelo,michelangelo,michelangelo tmnt,1
michelangelo,michelangelo,michelangelo winery,0
michelangelo,michelangelo,michelangelo antonioni,0
raphael painter,raphael painter,raphael painter,0
raphael painter,raphael painter,raphael painter paintings,0
raphael painter,raphael painter,raphael painter in rome,0
raphael painter,raphael painter,raphael painter gay,0
raphael painter,raphael painter,raphael painter biography,0
raphael painter,raphael painter,raphael painter met,0
raphael painter,raphael painter,raphael painter personality,0
raphael painter,raphael painter,raphael painter wiki,0
raphael painter,raphael painter,raphael painter school of athens,0
raphael painter,raphael painter,raphael painter self portrait,0
titian,titian,titian,0
titian,titian,titian paintings,0
titian,titian,titian hair,0
titian,titian,titian definition,0
titian,titian,titian the pastoral concert,0
titian,titian,titian venus of urbino,0
titian,titian,tatiana,0
titian,titian,titian artist,0
titian,titian,titian pronunciation,0
titian,titian,titian color,0
andrea mantegna,andrea mantegna,andrea mantegna,0
andrea mantegna,andrea mantegna,andrea mantegna paintings,0
andrea mantegna,andrea mantegna,andrea mantegna dead christ,0
andrea mantegna,andrea mantegna,andrea mantegna saint sebastian,0
andrea mantegna,andrea mantegna,andrea mantegna camera picta,0
andrea mantegna,andrea mantegna,andrea mantegna most famous works,0
andrea mantegna,andrea mantegna,andrea mantegna lamentation of christ,0
andrea mantegna,andrea mantegna,andrea mantegna agony in the garden,0
andrea mantegna,andrea mantegna,andrea mantegna camera degli sposi,0
andrea mantegna,andrea mantegna,andrea mantegna art,0
luca della robbia,luca della robbia,luca della robbia,0
luca della robbia,luca della robbia,luca della robbia artwork,0
luca della robbia,luca della robbia,luca della robbia cantoria,0
luca della robbia,luca della robbia,luca della robbia madonna and child,0
luca della robbia,luca della robbia,luca della robbia sculpture,0
luca della robbia,luca della robbia,luca della robbia florence,0
luca della robbia,luca della robbia,luca della robbia ceramics,0
luca della robbia,luca della robbia,luca della robbia the visitation,0
luca della robbia,luca della robbia,luca della robbia terracotta,0
luca della robbia,luca della robbia,luca della robbia singing gallery,0
