prev,curr,type,n
other-search,Luca_della_Robbia,external,446
Donatello,Luca_della_Robbia,link,13
Piero_della_Francesca,Luca_della_Robbia,link,12
Italian_Renaissance_sculpture,Luca_della_Robbia,link,14
Pisces_(astrology),Luca_della_Robbia,link,16
other-internal,Luca_della_Robbia,external,29
San_Michele_in_Foro,Luca_della_Robbia,link,12
Andrea_della_Robbia,Luca_della_Robbia,link,24
other-external,Luca_della_Robbia,external,67
Ginevra_King,Luca_della_Robbia,link,33
Della_Robbia,Luca_della_Robbia,link,14
other-empty,Luca_della_Robbia,external,249
Quattrocento,Luca_della_Robbia,link,12
Sexual_Personae,Donatello,link,11
Habakkuk,Donatello,link,11
Rhett_&_Link,Donatello,link,10
Stiacciato,Donatello,link,10
Sagrestia_Vecchia,Donatello,link,11
Equestrian_statue_of_Bartolomeo_Colleoni,Donatello,link,14
Medici_(TV_series),Donatello,link,18
Masaccio,Donatello,link,15
Raphael,Donatello,other,348
Penitent_Magdalene_(Donatello),Donatello,link,55
other-search,Donatello,external,12832
Pazzi,Donatello,link,55
Piazza_della_Signoria,Donatello,link,37
Putto,Donatello,link,25
Saint_John_the_Baptist_(Donatello),Donatello,link,15
Fauvism,Donatello,link,11
Beheading_of_John_the_Baptist,Donatello,link,28
List_of_Epic_Rap_Battles_of_History_episodes,Donatello,link,10
Italy,Donatello,link,32
Non_finito,Donatello,link,15
List_of_LGBT_artists,Donatello,link,50
Arnolfini_Portrait,Donatello,link,60
David_(Michelangelo),Donatello,link,735
Tomb_of_Antipope_John_XXIII,Donatello,link,19
Zuccone,Donatello,link,15
List_of_LGBT_Catholics,Donatello,link,14
The_Feast_of_Herod_(Donatello),Donatello,link,17
Filippo_Brunelleschi,Donatello,link,48
Michael_Lewis,Donatello,link,38
Main_Page,Donatello,other,114
Florence,Donatello,link,59
High_Renaissance,Donatello,other,34
Judith_and_Holofernes_(Donatello),Donatello,link,39
Perseus_with_the_Head_of_Medusa,Donatello,link,10
Victoria_and_Albert_Museum,Donatello,link,10
Florence_Baptistery,Donatello,link,22
Siena_Cathedral,Donatello,link,25
Santa_Maria_Gloriosa_dei_Frari,Donatello,link,22
Sculpture_in_the_Renaissance_period,Donatello,link,21
Hannah_Gadsby:_Douglas,Donatello,link,14
Orsanmichele,Donatello,link,14
Florence_Cathedral,Donatello,link,76
Michelangelo,Donatello,link,336
Judith_beheading_Holofernes,Donatello,link,18
Antipope_John_XXIII,Donatello,link,11
House_of_Medici,Donatello,link,42
Mary_Magdalene,Donatello,link,15
Andrea_del_Verrocchio,Donatello,link,84
Leonardo_da_Vinci,Donatello,link,425
Sandro_Botticelli,Donatello,link,20
"Santa_Croce,_Florence",Donatello,link,35
Equestrian_statue_of_Gattamelata,Donatello,link,73
other-external,Donatello,external,121
Original_Sin_(Medici:_Masters_of_Florence),Donatello,link,20
Same-sex_relationship,Donatello,link,13
other-empty,Donatello,external,4865
Saint_George,Donatello,link,177
Teenage_Mutant_Ninja_Turtles,Donatello,link,776
Renaissance_art,Donatello,link,134
Bargello,Donatello,link,20
Italian_Renaissance_painting,Donatello,link,14
Basilica_of_Saint_Anthony_of_Padua,Donatello,link,19
Cosimo_de'_Medici,Donatello,link,1005
Marzocco,Donatello,link,14
Italian_Renaissance,Donatello,link,106
List_of_Renaissance_figures,Donatello,link,29
Palais_des_Beaux-Arts_de_Lille,Donatello,link,12
Renaissance,Donatello,link,111
Michelozzo,Donatello,link,34
Giovanni_di_Bicci_de'_Medici,Donatello,link,25
other-internal,Donatello,external,661
David,Donatello,link,41
"Lives_of_the_Most_Excellent_Painters,_Sculptors,_and_Architects",Donatello,link,10
Italian_art,Donatello,link,10
Donato_Bramante,Donatello,other,17
Lorenzo_Ghiberti,Donatello,link,12
"Basilica_of_San_Lorenzo,_Florence",Donatello,link,78
List_of_Medici_episodes,Donatello,link,22
Donatello_(Teenage_Mutant_Ninja_Turtles),Donatello,link,1755
Saint_George_(Donatello),Donatello,link,31
List_of_Teenage_Mutant_Ninja_Turtles_characters,Donatello,other,10
Quattrocento,Donatello,link,55
Classical_sculpture,Donatello,link,11
Ben_Starr_(actor),Donatello,link,47
Unfinished_creative_work,Donatello,link,14
Italian_Renaissance_sculpture,Donatello,link,30
Giovanni_di_Cosimo_de'_Medici,Donatello,link,11
David_(Donatello),Donatello,link,413
Auguste_Rodin,Donatello,link,14
Nanni_di_Banco,Donatello,link,10
List_of_Renaissance_figures,Titian,link,13
Renaissance,Titian,link,13
Study_after_Velázquez's_Portrait_of_Pope_Innocent_X,Titian,link,89
Francesco_II_Sforza,Titian,link,11
Noli_me_tangere_(Titian),Titian,link,10
Palazzo_Pitti,Titian,link,13
The_Three_Ages_of_Man_(Titian),Titian,link,13
Padishah,Titian,link,11
Franco-Ottoman_alliance,Titian,link,85
Flora_(Titian),Titian,link,14
Paolo_Veronese,Titian,link,62
A_Man_with_a_Quilted_Sleeve,Titian,link,23
The_Fall_of_Man_(Rubens),Titian,link,12
El_Greco_(2007_film),Titian,link,54
Venice,Titian,link,46
Simony,Titian,link,10
Demi-lancer,Titian,link,10
Sacred_and_Profane_Love,Titian,link,60
Olympia_(Manet),Titian,link,30
The_Bathers_(Cézanne),Titian,link,24
John_the_Baptist,Titian,link,278
Equestrian_Portrait_of_Charles_V,Titian,link,33
Pastoral_Concert,Titian,link,15
God_Shuffled_His_Feet,Titian,link,22
Old_age,Titian,link,24
The_Rape_of_Europa_(Titian),Titian,link,155
Giulio_Romano,Titian,link,11
Édouard_Manet,Titian,link,31
Eurydice,Titian,link,10
Danaë_(Titian_paintings),Titian,link,30
Raphael,Titian,link,52
Albrecht_Dürer,Titian,link,19
Portrait_of_Charles_V_with_a_Dog,Titian,link,10
Gerardus_Mercator,Titian,link,29
Sisyphus_(Titian),Titian,link,58
Mihrimah_Sultan_(daughter_of_Suleiman_I),Titian,link,24
Nordicism,Titian,link,15
John_Singer_Sargent,Titian,link,18
Allegory_of_Marriage,Titian,link,11
Italian_lira,Titian,link,27
Hannah_Gadsby:_Douglas,Titian,link,16
Michelangelo,Titian,link,10
Underpainting,Titian,link,12
Pesaro_Madonna,Titian,link,15
Portrait_of_Isabella_of_Portugal,Titian,link,12
Actaeon,Titian,link,14
Diana_and_Actaeon_(Titian),Titian,link,59
Royal_Collection,Titian,link,13
National_Gallery_of_Art,Titian,link,14
Cain_and_Abel,Titian,link,63
Battle_of_Lepanto,Titian,link,11
Hermitage_Museum,Titian,link,10
Lost_artworks,Titian,link,11
Venetian_painting,Titian,link,83
Venus_and_Adonis_(Titian),Titian,link,24
Madonna_of_the_Rabbit,Titian,link,17
Diana_and_Actaeon,Titian,link,12
Rembrandt,Titian,link,13
Santa_Maria_Gloriosa_dei_Frari,Titian,link,65
The_Myth_of_Sisyphus,Titian,link,109
Alessandro_Moreschi,Titian,link,10
Man_with_a_Glove,Titian,link,17
Venus_in_Furs,Titian,link,24
The_Death_of_Actaeon,Titian,link,15
La_Bella,Titian,link,10
Italian_Renaissance_painting,Titian,link,47
Old_Master,Titian,link,70
other-other,Titian,external,11
"Portrait_of_Charles_V_(Titian,_Munich)",Titian,link,27
Tarquin_and_Lucretia,Titian,link,105
Mary_I_of_England,Titian,link,114
other-internal,Titian,external,1094
Mandaeism,Titian,link,11
"Santa_Maria_delle_Grazie,_Milan",Titian,link,17
Portrait_of_Alfonso_d'Avalos_with_a_Page,Titian,link,25
"Lives_of_the_Most_Excellent_Painters,_Sculptors,_and_Architects",Titian,link,11
Diana_and_Callisto,Titian,link,20
Gabriel,Titian,link,16
Philip_II_of_Spain,Titian,link,10
Sleeping_Venus_(Giorgione),Titian,link,32
List_of_most_expensive_paintings,Titian,link,132
Femininity,Titian,link,59
Galleria_Borghese,Titian,link,33
Salvator_Mundi,Titian,link,13
Ottoman_Imperial_Harem,Titian,link,20
"Salome_(Titian,_Rome)",Titian,link,22
Madonna–whore_complex,Titian,link,26
Render_unto_Caesar,Titian,link,11
Scottish_National_Gallery,Titian,link,10
Italy,Titian,link,13
Wedding_of_Mary_I_of_England_and_Philip_of_Spain,Titian,link,14
Schmalkaldic_War,Titian,link,15
Sultanate_of_Women,Titian,link,20
Body_image,Titian,link,44
Aaron_De_Groft,Titian,link,21
Venus_of_Urbino,Titian,link,203
Giorgione,Titian,link,103
Plate_armour,Titian,link,13
Red_hair,Titian,link,42
Lake_pigment,Titian,link,14
Art_dealer,Titian,link,15
Rape,Titian,link,16
Tintoretto,Titian,link,70
Edgar_Degas,Titian,link,11
Allegory_of_Prudence,Titian,link,22
Saint_John_the_Baptist_(Titian),Titian,link,10
Hans_Holbein_the_Younger,Titian,link,14
Titin,Titian,link,13
Battle_of_Monte_Cassino,Titian,link,57
National_Gallery,Titian,link,27
Sandro_Botticelli,Titian,other,16
Suleiman_the_Magnificent,Titian,other,482
Flaying_of_Marsyas_(Titian),Titian,link,75
Sic_semper_tyrannis,Titian,link,24
Venus_Anadyomene_(Titian),Titian,link,15
Oil_painting,Titian,link,13
Francis_I_of_France,Titian,link,15
Venus_with_a_Mirror,Titian,link,40
Vermilion,Titian,link,55
1755_Lisbon_earthquake,Titian,link,52
The_Bacchanal_of_the_Andrians,Titian,link,26
Sotiris_Moustakas,Titian,link,12
Giovanni_Bellini,Titian,link,93
Isabella_Stewart_Gardner_Museum,Titian,link,13
The_Death_of_Leonardo_da_Vinci,Titian,link,11
Cheetah,Titian,link,10
Assumption_of_the_Virgin_(Titian),Titian,link,196
Venus_(mythology),Titian,link,13
Flaying,Titian,link,38
Pietro_Aretino,Titian,link,23
High_Renaissance,Titian,link,30
Caravaggio,Titian,link,74
Doge's_Palace,Titian,link,19
Louvre,Titian,link,19
Pieve_di_Cadore,Titian,link,22
Catherine_Cornaro,Titian,link,13
Lapis_lazuli,Titian,link,39
Kunsthistorisches_Museum,Titian,link,19
Roxelana,Titian,link,316
Francesco_Vecellio,Titian,link,17
Portrait_of_Henry_VIII,Titian,link,15
The_Rape_of_Lucrece,Titian,link,15
August_27,Titian,link,66
Cristofano_dell'Altissimo,Titian,link,57
"Charles_V,_Holy_Roman_Emperor",Titian,link,420
Italian_Renaissance,Titian,link,24
Sovereign_Military_Order_of_Malta,Titian,link,32
Republic_of_Venice,Titian,link,151
El_Greco,Titian,link,86
De_Humani_Corporis_Fabrica_Libri_Septem,Titian,link,32
Museo_del_Prado,Titian,link,111
History_of_painting,Titian,link,12
Titian_hair,Titian,link,112
Perseus_and_Andromeda_(Titian),Titian,link,17
Isabella_of_Portugal,Titian,link,38
Provenance,Titian,link,12
Esther_(Millais),Titian,link,11
Jacopo_Pesaro_being_presented_by_Pope_Alexander_VI_to_Saint_Peter,Titian,link,15
Pope_Alexander_VI,Titian,link,10
Main_Page,Titian,other,126
Simone_Peterzano,Titian,link,27
Self-Portrait_(El_Greco),Titian,link,10
Anthony_van_Dyck,Titian,link,27
Pierre-Auguste_Renoir,Titian,link,23
Salome,Titian,link,59
other-empty,Titian,external,2934
Bacchus_and_Ariadne,Titian,link,111
Sisyphus,Titian,link,82
List_of_people_who_were_beheaded,Titian,link,17
Titian_(disambiguation),Titian,link,10
Mannerism,Titian,link,24
Ottoman_Empire,Titian,link,47
Peter_Paul_Rubens,Titian,link,47
Lucretia,Titian,link,29
Ariadne,Titian,link,11
Nicodemus,Titian,link,24
List_of_works_by_Titian,Titian,link,36
other-external,Titian,external,207
Antonis_Mor,Titian,link,22
Ecce_homo,Titian,link,18
Empire_of_Charles_V,Titian,link,49
St_Mark's_Basilica,Titian,link,17
History_painting,Titian,link,31
Diego_Velázquez,Titian,link,18
Renaissance_art,Titian,link,75
"Francesco_Maria_I_della_Rovere,_Duke_of_Urbino",Titian,link,12
Uffizi,Titian,link,37
Landscape_painting,Titian,link,14
other-search,Titian,external,7906
Rokeby_Venus,Titian,link,12
Isabella_Stewart_Gardner_Museum_theft,Titian,link,31
Painting_knife,Titian,link,12
"Federico_II_Gonzaga,_Duke_of_Mantua",Titian,link,13
Pietà_(Titian),Titian,link,26
Cyclopes,Titian,link,12
Isabella_Stewart_Gardner,Titian,link,39
Human–canine_bond,Titian,link,12
Pope_Paul_III,Titian,link,80
Vatican_Museums,Titian,link,24
Battle_of_Mohács,Titian,link,24
Impasto,Titian,link,43
Crucifixion_(Titian),Titian,link,14
Sextus_Tarquinius,Titian,link,18
Théodore_Géricault,Titian,link,15
Frick_Collection,Titian,link,28
John_Calvin,Titian,link,16
Polymath,Leonardo_da_Vinci,link,808
Self-portrait,Leonardo_da_Vinci,link,10
Clos_Lucé,Leonardo_da_Vinci,link,73
Vascular_surgery,Leonardo_da_Vinci,link,12
House_of_Medici,Leonardo_da_Vinci,link,244
Eugène_Viollet-le-Duc,Leonardo_da_Vinci,link,14
Mary_Magdalene,Leonardo_da_Vinci,link,56
Leda_and_the_Swan,Leonardo_da_Vinci,link,55
Isaac_Newton,Leonardo_da_Vinci,other,55
Frida_Kahlo,Leonardo_da_Vinci,other,10
Aeronautics,Leonardo_da_Vinci,link,11
Jan_van_Eyck,Leonardo_da_Vinci,other,14
Assassin's_Creed_II,Leonardo_da_Vinci,link,82
Aristotle,Leonardo_da_Vinci,other,16
Metropolitan_City_of_Florence,Leonardo_da_Vinci,link,10
Yoko_Ono,Leonardo_da_Vinci,link,10
A_Treatise_on_Painting,Leonardo_da_Vinci,link,25
2001:_A_Space_Odyssey,Leonardo_da_Vinci,link,10
Da_Vinci's_Demons,Leonardo_da_Vinci,link,271
List_of_Little_Einsteins_episodes,Leonardo_da_Vinci,link,46
Eucharist,Leonardo_da_Vinci,link,10
List_of_mechanical_engineers,Leonardo_da_Vinci,link,12
Ludwig_van_Beethoven,Leonardo_da_Vinci,other,10
Secret_Warriors_(Team_White),Leonardo_da_Vinci,link,15
List_of_lay_Catholic_scientists,Leonardo_da_Vinci,link,16
Florence,Leonardo_da_Vinci,link,248
Contact_lens,Leonardo_da_Vinci,link,75
BrainPop,Leonardo_da_Vinci,link,12
Milan,Leonardo_da_Vinci,link,104
Codex_Atlanticus,Leonardo_da_Vinci,link,94
Mr._Peabody_&_Sherman,Leonardo_da_Vinci,link,76
History_of_human_sexuality,Leonardo_da_Vinci,link,15
Capillary_action,Leonardo_da_Vinci,link,29
Annunciation_(Leonardo),Leonardo_da_Vinci,link,192
Hieronymus_Bosch,Leonardo_da_Vinci,other,10
John_the_Baptist,Leonardo_da_Vinci,link,18
15th_century,Leonardo_da_Vinci,link,18
Navel,Leonardo_da_Vinci,link,10
Madonna_(art),Leonardo_da_Vinci,link,36
Johann_Tobias_Mayer,Leonardo_da_Vinci,link,13
Bernardo_Bandini_Baroncelli,Leonardo_da_Vinci,link,38
Wikipedia,Leonardo_da_Vinci,other,49
Mohammed_bin_Salman,Leonardo_da_Vinci,link,96
Fountain_pen,Leonardo_da_Vinci,link,53
Museo_Ideale_Leonardo_da_Vinci,Leonardo_da_Vinci,link,10
Madonna_Litta,Leonardo_da_Vinci,link,17
History_of_paleontology,Leonardo_da_Vinci,link,22
Leonardeschi,Leonardo_da_Vinci,link,56
Cecilia_Gallerani,Leonardo_da_Vinci,link,21
Assassin's_Creed:_Brotherhood,Leonardo_da_Vinci,link,60
Po_(river),Leonardo_da_Vinci,link,20
Painting,Leonardo_da_Vinci,link,252
Leonardo_da_Vinci_(disambiguation),Leonardo_da_Vinci,link,27
Sagittal_plane,Leonardo_da_Vinci,link,13
National_Gallery_of_Art,Leonardo_da_Vinci,link,77
Italians,Leonardo_da_Vinci,link,17
List_of_paintings_by_Raphael,Leonardo_da_Vinci,link,42
Humanoid_robot,Leonardo_da_Vinci,link,17
Steam_cannon,Leonardo_da_Vinci,link,22
The_Battle_of_Anghiari_(Leonardo),Leonardo_da_Vinci,link,71
Qin_Gang,Leonardo_da_Vinci,other,13
Leonardo_Vinci,Leonardo_da_Vinci,link,47
Early_flying_machines,Leonardo_da_Vinci,link,22
Italian_Renaissance,Leonardo_da_Vinci,link,401
Priory_of_Sion,Leonardo_da_Vinci,link,162
Sistine_Chapel,Leonardo_da_Vinci,other,42
Stoat,Leonardo_da_Vinci,link,13
Leonardo's_robot,Leonardo_da_Vinci,link,82
Madonna_of_the_Yarnwinder,Leonardo_da_Vinci,link,101
Drawing,Leonardo_da_Vinci,link,88
Pedalo,Leonardo_da_Vinci,link,16
Gerolamo_Cardano,Leonardo_da_Vinci,link,12
The_Life_of_Leonardo_da_Vinci,Leonardo_da_Vinci,link,11
Northern_Renaissance,Leonardo_da_Vinci,link,11
Stewie_Griffin,Leonardo_da_Vinci,link,12
David_(Verrocchio),Leonardo_da_Vinci,link,11
Anchiano,Leonardo_da_Vinci,link,38
Codex_Madrid_(Leonardo),Leonardo_da_Vinci,link,10
Scientist,Leonardo_da_Vinci,link,12
Roller_chain,Leonardo_da_Vinci,link,11
High_Renaissance,Leonardo_da_Vinci,link,529
Caravaggio,Leonardo_da_Vinci,link,50
Louvre,Leonardo_da_Vinci,link,149
Portrait,Leonardo_da_Vinci,link,15
Visual_arts,Leonardo_da_Vinci,link,11
Ape_index,Leonardo_da_Vinci,link,10
Ginevra_de'_Benci,Leonardo_da_Vinci,link,102
Benjamin_Franklin,Leonardo_da_Vinci,other,12
Giovanni_Antonio_Boltraffio,Leonardo_da_Vinci,link,16
Speculations_about_Mona_Lisa,Leonardo_da_Vinci,link,67
Puss_in_Boots_(2011_film),Leonardo_da_Vinci,link,14
Head,Leonardo_da_Vinci,link,11
Inventor's_notebook,Leonardo_da_Vinci,link,62
Lucan_portrait_of_Leonardo_da_Vinci,Leonardo_da_Vinci,link,46
Sandro_Botticelli,Leonardo_da_Vinci,link,226
Marguerite_de_Navarre,Leonardo_da_Vinci,link,14
Bible,Leonardo_da_Vinci,link,25
Zatanna,Leonardo_da_Vinci,link,13
Age_of_Aquarius,Leonardo_da_Vinci,link,38
Napkin,Leonardo_da_Vinci,link,10
Male_Mona_Lisa_theories,Leonardo_da_Vinci,link,36
Leonarde_Keeler,Leonardo_da_Vinci,link,13
Poland,Leonardo_da_Vinci,link,35
Johannes_Vermeer,Leonardo_da_Vinci,link,25
Legitimacy_(family_law),Leonardo_da_Vinci,link,59
Johannes_Gutenberg,Leonardo_da_Vinci,other,12
Leonardo's_crossbow,Leonardo_da_Vinci,link,35
Giorgione,Leonardo_da_Vinci,link,10
Dredging,Leonardo_da_Vinci,link,11
Ginevra_King,Leonardo_da_Vinci,link,12
Salvador_Dalí,Leonardo_da_Vinci,link,11
Cyberpunk_derivatives,Leonardo_da_Vinci,link,17
Leonardo_(2021_TV_series),Leonardo_da_Vinci,link,173
Leonardo_DiCaprio,Leonardo_da_Vinci,link,238
Batman,Leonardo_da_Vinci,link,23
List_of_Baby_Einstein_videos,Leonardo_da_Vinci,link,20
List_of_characters_in_the_Family_Guy_franchise,Leonardo_da_Vinci,link,19
Situs_inversus,Leonardo_da_Vinci,link,16
Crashbox,Leonardo_da_Vinci,link,13
Ivar_Kreuger,Leonardo_da_Vinci,link,10
Salvator_Mundi_(Leonardo),Leonardo_da_Vinci,link,1377
Mercenary,Leonardo_da_Vinci,link,158
Green,Leonardo_da_Vinci,link,13
Robot,Leonardo_da_Vinci,link,12
List_of_mathematical_artists,Leonardo_da_Vinci,link,13
Vatican_Museums,Leonardo_da_Vinci,link,23
List_of_futurologists,Leonardo_da_Vinci,link,18
Lombardy,Leonardo_da_Vinci,link,10
Isleworth_Mona_Lisa,Leonardo_da_Vinci,link,26
Nordicism,Leonardo_da_Vinci,link,15
Robert_Hooke,Leonardo_da_Vinci,link,65
Unicorn,Leonardo_da_Vinci,link,20
Toothlessness,Leonardo_da_Vinci,link,12
"Francis_III,_Duke_of_Brittany",Leonardo_da_Vinci,link,10
"Leonardo_da_Vinci,_A_Memory_of_His_Childhood",Leonardo_da_Vinci,link,10
Ostrich_Egg_Globe,Leonardo_da_Vinci,link,15
Florence_Cathedral,Leonardo_da_Vinci,link,22
List_of_people_claimed_to_possess_an_eidetic_memory,Leonardo_da_Vinci,link,45
French_Renaissance,Leonardo_da_Vinci,link,13
Leonardo's_aerial_screw,Leonardo_da_Vinci,link,118
Interracial_marriage,Leonardo_da_Vinci,link,12
The_Inventor_(2023_film),Leonardo_da_Vinci,link,151
Nostradamus,Leonardo_da_Vinci,other,14
Michelangelo,Leonardo_da_Vinci,link,5536
Lists_of_painters,Leonardo_da_Vinci,link,47
Photography,Leonardo_da_Vinci,link,29
Tuscany,Leonardo_da_Vinci,link,41
History_of_the_bicycle,Leonardo_da_Vinci,link,32
List_of_Epic_Rap_Battles_of_History_episodes,Leonardo_da_Vinci,link,12
Siegfried_Woldhek,Leonardo_da_Vinci,link,10
Scottish_National_Gallery,Leonardo_da_Vinci,link,13
Wolfgang_Amadeus_Mozart,Leonardo_da_Vinci,other,11
Divina_proportione,Leonardo_da_Vinci,link,35
List_of_Renaissance_figures,Leonardo_da_Vinci,link,37
Sfumato,Leonardo_da_Vinci,link,41
The_Wedding_at_Cana,Leonardo_da_Vinci,link,21
Luca_Pacioli,Leonardo_da_Vinci,link,186
Renaissance,Leonardo_da_Vinci,link,735
The_League_of_Extraordinary_Gentlemen_(film),Leonardo_da_Vinci,link,32
Figure_drawing,Leonardo_da_Vinci,link,14
Medical_Renaissance,Leonardo_da_Vinci,link,11
Royal_Collection,Leonardo_da_Vinci,link,11
Engineering,Leonardo_da_Vinci,link,33
Leonardo_da_Vinci–Fiumicino_Airport,Leonardo_da_Vinci,link,30
Codex_Leicester,Leonardo_da_Vinci,link,130
Portrait_of_a_Man_in_Red_Chalk,Leonardo_da_Vinci,link,177
Château_de_Chambord,Leonardo_da_Vinci,link,46
Vincent_van_Gogh,Leonardo_da_Vinci,other,106
John_the_Apostle,Leonardo_da_Vinci,link,11
Nathaniel_Richards_(Marvel_Comics),Leonardo_da_Vinci,link,41
Sala_delle_Asse,Leonardo_da_Vinci,link,40
other-external,Leonardo_da_Vinci,external,2099
Culture_of_Italy,Leonardo_da_Vinci,link,19
Crossbow,Leonardo_da_Vinci,link,14
Francesco_I_Sforza,Leonardo_da_Vinci,link,12
List_of_people_considered_father_or_mother_of_a_scientific_field,Leonardo_da_Vinci,link,23
Vinci,Leonardo_da_Vinci,link,10
History_of_Florence,Leonardo_da_Vinci,link,15
List_of_inventors,Leonardo_da_Vinci,link,14
Ezio_Auditore_da_Firenze,Leonardo_da_Vinci,link,35
Vlad_the_Impaler,Leonardo_da_Vinci,link,40
Visual_perception,Leonardo_da_Vinci,link,10
Da_Vinci_family,Leonardo_da_Vinci,link,186
Albert_Einstein,Leonardo_da_Vinci,other,65
Teenage_Mutant_Ninja_Turtles,Leonardo_da_Vinci,link,530
Airplane,Leonardo_da_Vinci,link,31
Lisa_del_Giocondo,Leonardo_da_Vinci,link,935
Camera_obscura,Leonardo_da_Vinci,link,25
Scythed_chariot,Leonardo_da_Vinci,link,12
Sistine_Chapel_ceiling,Leonardo_da_Vinci,link,12
S.Pellegrino,Leonardo_da_Vinci,link,15
Rorschach_test,Leonardo_da_Vinci,link,15
Golden_ratio,Leonardo_da_Vinci,link,28
Raphael,Leonardo_da_Vinci,link,1767
Wheellock,Leonardo_da_Vinci,link,15
Albrecht_Dürer,Leonardo_da_Vinci,link,133
Christian_humanism,Leonardo_da_Vinci,link,10
George_Washington_Carver,Leonardo_da_Vinci,link,157
Alias_(TV_series),Leonardo_da_Vinci,link,17
Marco_Polo,Leonardo_da_Vinci,other,11
Rimini,Leonardo_da_Vinci,link,10
Realism_(arts),Leonardo_da_Vinci,link,12
The_Virgin_and_Child_with_Saint_Anne_and_Saint_John_the_Baptist,Leonardo_da_Vinci,link,32
Euler–Bernoulli_beam_theory,Leonardo_da_Vinci,link,17
DaVinci_Resolve,Leonardo_da_Vinci,other,13
Adoration_of_the_Magi_(Leonardo),Leonardo_da_Vinci,link,56
Time_Squad,Leonardo_da_Vinci,link,11
KISS_principle,Leonardo_da_Vinci,link,32
Maxillary_sinus,Leonardo_da_Vinci,link,14
Dante_Alighieri,Leonardo_da_Vinci,other,23
Titian,Leonardo_da_Vinci,link,13
Giorgio_Vasari,Leonardo_da_Vinci,link,105
Personal_knowledge_base,Leonardo_da_Vinci,link,14
Attention_deficit_hyperactivity_disorder,Leonardo_da_Vinci,link,57
Victoria_and_Albert_Museum,Leonardo_da_Vinci,link,11
Human_brain,Leonardo_da_Vinci,link,12
Architonnerre,Leonardo_da_Vinci,link,15
Amboise,Leonardo_da_Vinci,link,16
Napoleon,Leonardo_da_Vinci,other,11
Skeleton,Leonardo_da_Vinci,link,20
Science_in_the_Renaissance,Leonardo_da_Vinci,link,15
Catholic_Church,Leonardo_da_Vinci,link,87
Madonna_of_Bruges,Leonardo_da_Vinci,link,21
Two–Mona_Lisa_theory,Leonardo_da_Vinci,link,29
The_Baptism_of_Christ_(Verrocchio_and_Leonardo),Leonardo_da_Vinci,link,76
Donatello,Leonardo_da_Vinci,link,100
Francesco_Melzi,Leonardo_da_Vinci,link,119
Art,Leonardo_da_Vinci,link,49
Vincenzo_Peruggia,Leonardo_da_Vinci,link,61
Da_Vinci_Machine,Leonardo_da_Vinci,other,11
Filippo_Brunelleschi,Leonardo_da_Vinci,link,14
Codex_on_the_Flight_of_Birds,Leonardo_da_Vinci,link,14
Main_Page,Leonardo_da_Vinci,other,1224
other-empty,Leonardo_da_Vinci,external,64960
His_Dark_Materials,Leonardo_da_Vinci,link,11
Agostino_Vespucci,Leonardo_da_Vinci,link,11
Tank,Leonardo_da_Vinci,link,94
Stephen_Fry_bibliography_and_filmography,Leonardo_da_Vinci,link,12
John_Argyropoulos,Leonardo_da_Vinci,link,14
Apostles_in_the_New_Testament,Leonardo_da_Vinci,link,162
Catapult,Leonardo_da_Vinci,link,14
The_School_of_Athens,Leonardo_da_Vinci,link,286
History_of_robots,Leonardo_da_Vinci,link,10
Siege,Leonardo_da_Vinci,link,12
Homi_J._Bhabha,Leonardo_da_Vinci,link,45
Portrait_of_a_Musician,Leonardo_da_Vinci,link,29
Leonardo_(ISS_module),Leonardo_da_Vinci,link,12
List_of_Italian_scientists,Leonardo_da_Vinci,link,17
House_of_Sforza,Leonardo_da_Vinci,link,11
Mannerism,Leonardo_da_Vinci,link,113
Résumé,Leonardo_da_Vinci,link,20
Jesus_predicts_his_betrayal,Leonardo_da_Vinci,link,12
History_of_art,Leonardo_da_Vinci,link,41
List_of_video_games_with_LGBT_characters,Leonardo_da_Vinci,link,34
Leonardo_(given_name),Leonardo_da_Vinci,link,18
Medusa_(Leonardo),Leonardo_da_Vinci,link,22
Peter_Paul_Rubens,Leonardo_da_Vinci,link,16
Madonna_of_the_Carnation,Leonardo_da_Vinci,link,29
Bacchus_(Leonardo),Leonardo_da_Vinci,link,40
Bill_Gates,Leonardo_da_Vinci,link,56
Sexual_intercourse,Leonardo_da_Vinci,link,97
History_of_anatomy,Leonardo_da_Vinci,link,25
Château_d'Amboise,Leonardo_da_Vinci,link,92
Medusa,Leonardo_da_Vinci,link,20
Herodotus_Machine,Leonardo_da_Vinci,link,10
Da_Vinci_(disambiguation),Leonardo_da_Vinci,link,48
Il_Sodoma,Leonardo_da_Vinci,link,15
Cartoon,Leonardo_da_Vinci,link,13
List_of_vegetarians,Leonardo_da_Vinci,link,11
Nikola_Tesla,Leonardo_da_Vinci,other,15
Museo_Nazionale_Scienza_e_Tecnologia_Leonardo_da_Vinci,Leonardo_da_Vinci,link,34
VTOL,Leonardo_da_Vinci,link,22
Christopher_Columbus,Leonardo_da_Vinci,other,32
Human_skeleton,Leonardo_da_Vinci,link,13
Renaissance_architecture,Leonardo_da_Vinci,link,10
Giovanni_da_Verrazzano,Leonardo_da_Vinci,link,27
Castello_Sforzesco,Leonardo_da_Vinci,link,34
Sigmund_Freud's_views_on_homosexuality,Leonardo_da_Vinci,link,28
Golden_Horn,Leonardo_da_Vinci,link,12
Fire_sprinkler_system,Leonardo_da_Vinci,link,10
Codex_Arundel,Leonardo_da_Vinci,link,10
Armoured_fighting_vehicle,Leonardo_da_Vinci,link,34
Ginevra_de'_Benci_(aristocrat),Leonardo_da_Vinci,link,14
Far_Cry_5,Leonardo_da_Vinci,link,25
Leonardo_(2011_TV_series),Leonardo_da_Vinci,link,22
Franco_Zeffirelli,Leonardo_da_Vinci,link,23
Czartoryski_Museum,Leonardo_da_Vinci,link,11
History_of_painting,Leonardo_da_Vinci,link,18
April_15,Leonardo_da_Vinci,link,11
Helicopter,Leonardo_da_Vinci,link,45
Archimedes,Leonardo_da_Vinci,link,89
Xavier_Riddle_and_the_Secret_Museum,Leonardo_da_Vinci,link,20
Greater_Germanic_Reich,Leonardo_da_Vinci,link,10
Cesare_Borgia,Leonardo_da_Vinci,link,389
Ambidexterity,Leonardo_da_Vinci,link,43
La_Scapigliata,Leonardo_da_Vinci,link,59
Pierino_da_Vinci,Leonardo_da_Vinci,link,11
Oxygen,Leonardo_da_Vinci,link,34
1476,Leonardo_da_Vinci,link,18
The_Da_Vinci_Code_(film),Leonardo_da_Vinci,link,140
Genius,Leonardo_da_Vinci,link,49
Guglielmo_Marconi,Leonardo_da_Vinci,other,13
Pope_Clement_VII,Leonardo_da_Vinci,link,41
La_Belle_Ferronnière,Leonardo_da_Vinci,link,43
The_Lost_Leonardo,Leonardo_da_Vinci,link,28
Wright_brothers,Leonardo_da_Vinci,link,31
Invention,Leonardo_da_Vinci,link,13
List_of_last_words,Leonardo_da_Vinci,link,16
Nicolaus_Copernicus,Leonardo_da_Vinci,other,17
Leonardo's_horse,Leonardo_da_Vinci,link,38
Conservation-restoration_of_Leonardo_da_Vinci's_The_Last_Supper,Leonardo_da_Vinci,link,12
Jacopo_Saltarelli,Leonardo_da_Vinci,link,14
Robotics,Leonardo_da_Vinci,link,10
Italy,Leonardo_da_Vinci,link,301
List_of_works_by_Leonardo_da_Vinci,Leonardo_da_Vinci,link,331
Galileo_Galilei,Leonardo_da_Vinci,other,117
History_of_medicine,Leonardo_da_Vinci,link,11
16th_century,Leonardo_da_Vinci,link,72
Il_più_grande_italiano_di_tutti_i_tempi,Leonardo_da_Vinci,link,23
Saint_John_the_Baptist_(Leonardo),Leonardo_da_Vinci,link,120
Angus_Sampson,Leonardo_da_Vinci,link,23
Milan_Cathedral,Leonardo_da_Vinci,link,43
Leda_and_the_Swan_(Leonardo),Leonardo_da_Vinci,link,19
Pyotr_Wrangel,Leonardo_da_Vinci,other,71
Friction,Leonardo_da_Vinci,link,14
The_Da_Vinci_Code,Leonardo_da_Vinci,link,101
David_(Michelangelo),Leonardo_da_Vinci,link,132
Heart,Leonardo_da_Vinci,link,16
1452,Leonardo_da_Vinci,link,16
Bachelor,Leonardo_da_Vinci,link,16
Julius_Caesar,Leonardo_da_Vinci,other,12
Arsène_Houssaye,Leonardo_da_Vinci,link,17
LGBT_people_in_science,Leonardo_da_Vinci,link,33
Rembrandt,Leonardo_da_Vinci,link,41
Biomimetics,Leonardo_da_Vinci,link,11
Sanguine,Leonardo_da_Vinci,link,11
Stanley_Tucci_on_screen_and_stage,Leonardo_da_Vinci,link,14
Jesus,Leonardo_da_Vinci,other,13
Secular_humanism,Leonardo_da_Vinci,link,10
Domenico_Maria_Novara_da_Ferrara,Leonardo_da_Vinci,link,11
"Vinci,_Tuscany",Leonardo_da_Vinci,link,107
Human_head,Leonardo_da_Vinci,link,43
other-search,Leonardo_da_Vinci,external,129153
Moderator_band_(heart),Leonardo_da_Vinci,link,10
List_of_redheads,Leonardo_da_Vinci,link,52
Same-sex_relationship,Leonardo_da_Vinci,link,13
Lorenzo_di_Credi,Leonardo_da_Vinci,link,13
Hygrometer,Leonardo_da_Vinci,link,20
Elephant,Leonardo_da_Vinci,link,20
Necromancy,Leonardo_da_Vinci,link,24
Oil_painting,Leonardo_da_Vinci,link,136
Baptism_of_Jesus,Leonardo_da_Vinci,link,48
Francis_I_of_France,Leonardo_da_Vinci,link,273
Gallerie_dell'Accademia,Leonardo_da_Vinci,link,10
Virgin_of_the_Rocks,Leonardo_da_Vinci,link,201
John_Rhys-Davies,Leonardo_da_Vinci,link,12
Cultural_references_to_Leonardo_da_Vinci,Leonardo_da_Vinci,link,14
Dynasphere_(vehicle),Leonardo_da_Vinci,link,19
Catalog_of_paintings_in_the_Louvre_Museum,Leonardo_da_Vinci,link,18
Parabola,Leonardo_da_Vinci,link,22
Book_of_Revelation,Leonardo_da_Vinci,other,10
Bearing_(mechanical),Leonardo_da_Vinci,link,34
The_Last_Supper_(Leonardo),Leonardo_da_Vinci,link,1731
The_Death_of_Leonardo_da_Vinci,Leonardo_da_Vinci,link,26
Science_and_inventions_of_Leonardo_da_Vinci,Leonardo_da_Vinci,link,194
Mona_Lisa,Leonardo_da_Vinci,link,8495
Western_culture,Leonardo_da_Vinci,link,74
Salaì,Leonardo_da_Vinci,link,920
Andrea_del_Verrocchio,Leonardo_da_Vinci,link,115
Branch,Leonardo_da_Vinci,link,10
Mirror_writing,Leonardo_da_Vinci,link,44
Anton_Bakov,Leonardo_da_Vinci,link,58
Hans_Holbein_the_Younger,Leonardo_da_Vinci,link,26
List_of_Assassin's_Creed_characters,Leonardo_da_Vinci,link,11
National_Gallery,Leonardo_da_Vinci,link,21
Masterpiece,Leonardo_da_Vinci,link,168
Recoilless_rifle,Leonardo_da_Vinci,link,15
Leonardo,Leonardo_da_Vinci,link,101
Mark_Rylance_on_screen_and_stage,Leonardo_da_Vinci,link,13
"Santa_Croce,_Florence",Leonardo_da_Vinci,link,115
Ludovico_Sforza,Leonardo_da_Vinci,link,19
L.H.O.O.Q.,Leonardo_da_Vinci,link,15
History_of_timekeeping_devices,Leonardo_da_Vinci,link,18
Public_domain,Leonardo_da_Vinci,link,231
Niccolò_Machiavelli,Leonardo_da_Vinci,link,37
The_Ugly_Duchess,Leonardo_da_Vinci,link,40
Da_Vinci_Surgical_System,Leonardo_da_Vinci,link,53
Tribology,Leonardo_da_Vinci,link,15
Leonardo's_fighting_vehicle,Leonardo_da_Vinci,link,126
Embryology,Leonardo_da_Vinci,link,22
Italian_Renaissance_painting,Leonardo_da_Vinci,link,69
Old_Master,Leonardo_da_Vinci,link,85
other-other,Leonardo_da_Vinci,external,87
Lathe,Leonardo_da_Vinci,link,23
"History_of_the_World,_Part_I",Leonardo_da_Vinci,link,15
Leonardo_S.p.A.,Leonardo_da_Vinci,link,71
Glass_Onion:_A_Knives_Out_Mystery,Leonardo_da_Vinci,link,36
The_Virgin_and_Child_with_Saint_Anne_(Leonardo),Leonardo_da_Vinci,link,68
Stink_bomb,Leonardo_da_Vinci,link,15
Chiaroscuro,Leonardo_da_Vinci,link,37
Bernardino_Luini,Leonardo_da_Vinci,link,21
other-internal,Leonardo_da_Vinci,external,6141
Luca_Argentero,Leonardo_da_Vinci,link,15
"Santa_Maria_delle_Grazie,_Milan",Leonardo_da_Vinci,link,90
Ornithopter,Leonardo_da_Vinci,link,49
Color_theory,Leonardo_da_Vinci,link,27
Museo_leonardiano_di_Vinci,Leonardo_da_Vinci,link,15
Cruelty_to_animals,Leonardo_da_Vinci,link,22
Paper_plane,Leonardo_da_Vinci,link,10
Sonar,Leonardo_da_Vinci,link,86
"Lives_of_the_Most_Excellent_Painters,_Sculptors,_and_Architects",Leonardo_da_Vinci,link,34
Heroes_of_History,Leonardo_da_Vinci,link,27
Italian_art,Leonardo_da_Vinci,link,25
Naturism,Leonardo_da_Vinci,link,13
Human_body,Leonardo_da_Vinci,link,34
Francisco_Goya,Leonardo_da_Vinci,other,17
Pioneer_plaque,Leonardo_da_Vinci,link,25
Spider-Man:_Across_the_Spider-Verse,Leonardo_da_Vinci,link,15
Athanasius_Kircher,Leonardo_da_Vinci,link,34
Pierre-Auguste_Renoir,Leonardo_da_Vinci,link,10
Interchange_(de_Kooning),Leonardo_da_Vinci,link,14
Mona_Lisa_Smile,Leonardo_da_Vinci,link,23
Vitruvian_Man,Leonardo_da_Vinci,link,1391
Mona_Lisa_(Prado),Leonardo_da_Vinci,link,78
History_of_aviation,Leonardo_da_Vinci,link,74
Tommaso_Masini,Leonardo_da_Vinci,link,17
Ernő_Rubik,Leonardo_da_Vinci,link,12
History_of_the_tank,Leonardo_da_Vinci,link,46
Lorenzo_de'_Medici,Leonardo_da_Vinci,link,109
Saint_Jerome_in_the_Wilderness_(Leonardo),Leonardo_da_Vinci,link,31
Wieliczka_Salt_Mine,Leonardo_da_Vinci,link,10
Crayon,Leonardo_da_Vinci,link,13
John_Garrett_(comics),Leonardo_da_Vinci,link,23
List_of_works_by_Michelangelo,Leonardo_da_Vinci,link,11
Anatomy,Leonardo_da_Vinci,link,19
Candide,Leonardo_da_Vinci,other,46
Last_Supper,Leonardo_da_Vinci,link,374
India,Leonardo_da_Vinci,other,16
Annunciation,Leonardo_da_Vinci,link,20
Walter_Isaacson,Leonardo_da_Vinci,link,59
Renaissance_art,Leonardo_da_Vinci,link,122
Greek_mythology,Leonardo_da_Vinci,link,10
Uffizi,Leonardo_da_Vinci,link,71
Republic_of_Florence,Leonardo_da_Vinci,link,15
Study_for_the_Madonna_of_the_Cat,Leonardo_da_Vinci,link,11
Martin_Kemp_(art_historian),Leonardo_da_Vinci,link,11
Lady_with_an_Ermine,Leonardo_da_Vinci,link,222
Pablo_Picasso,Leonardo_da_Vinci,other,73
Aidan_Turner,Leonardo_da_Vinci,link,36
Gabriel,Leonardo_da_Vinci,link,36
Claude_Monet,Leonardo_da_Vinci,other,17
Italian_literature,Leonardo_da_Vinci,link,14
Caricature,Leonardo_da_Vinci,link,14
List_of_most_expensive_paintings,Leonardo_da_Vinci,link,1032
List_of_Star_Trek_characters,Leonardo_da_Vinci,link,14
Pazzi_conspiracy,Leonardo_da_Vinci,link,52
Psychosis_(album),Leonardo_da_Vinci,link,12
Wiki,Leonardo_da_Vinci,other,14
List_of_most_expensive_books_and_manuscripts,Leonardo_da_Vinci,link,19
Study_(art),Leonardo_da_Vinci,link,10
New_World,Leonardo_da_Vinci,link,28
History_of_homosexuality,Leonardo_da_Vinci,link,15
Hudson_Hawk,Leonardo_da_Vinci,link,17
Ever_After,Leonardo_da_Vinci,link,150
List_of_S.H.I.E.L.D._members,Leonardo_da_Vinci,link,11
Vitruvius,Leonardo_da_Vinci,link,90
Andrea_del_Sarto,Leonardo_da_Vinci,link,15
Assassin's_Creed,Leonardo_da_Vinci,link,16
Biceps,Leonardo_da_Vinci,link,16
Salvator_Mundi,Leonardo_da_Vinci,link,34
Benois_Madonna,Leonardo_da_Vinci,link,22
Tom_Riley_(actor),Leonardo_da_Vinci,link,10
William_Shakespeare,Leonardo_da_Vinci,other,77
List_of_autodidacts,Leonardo_da_Vinci,link,37
Abel_Ferrara,Leonardo_da_Vinci,link,38
Gottfried_Wilhelm_Leibniz,Leonardo_da_Vinci,other,13
Personal_life_of_Leonardo_da_Vinci,Leonardo_da_Vinci,link,245
Deaths_in_2023,Leonardo_da_Vinci,other,10
Parachute,Leonardo_da_Vinci,link,42
Renaissance_technology,Leonardo_da_Vinci,link,27
Europe,Leonardo_da_Vinci,link,12
Western_painting,Leonardo_da_Vinci,link,10
Art_of_Europe,Leonardo_da_Vinci,link,14
The_Three_Musketeers_(2011_film),Leonardo_da_Vinci,link,30
Ribauldequin,Leonardo_da_Vinci,link,25
Quattrocento,Leonardo_da_Vinci,link,36
Leonardo_(Teenage_Mutant_Ninja_Turtles),Leonardo_da_Vinci,link,498
Mimar_Sinan,Leonardo_da_Vinci,link,19
Kahlil_Gibran,Leonardo_da_Vinci,link,12
Leo_Da_Vinci:_Mission_Mona_Lisa,Leonardo_da_Vinci,link,20
Michelangelo_and_the_Medici,Michelangelo,link,57
San_Pietro_in_Vincoli,Michelangelo,link,24
Michelangelo_Anselmi,Michelangelo,link,14
Goliath,Michelangelo,link,29
Dante_Alighieri,Michelangelo,other,14
Painterliness,Michelangelo,link,10
Titian,Michelangelo,link,31
Giorgio_Vasari,Michelangelo,link,124
Perseus_with_the_Head_of_Medusa,Michelangelo,link,26
Original_sin,Michelangelo,link,14
Dying_Slave,Michelangelo,link,46
Grand_Duchess_Olga_Nikolaevna_of_Russia,Michelangelo,link,10
Pope_Paul_III,Michelangelo,link,80
Jonah,Michelangelo,link,25
Vatican_Museums,Michelangelo,link,55
The_Crucifixion_of_St._Peter_(Michelangelo),Michelangelo,link,70
List_of_LGBT_artists,Michelangelo,link,34
House_of_Medici,Michelangelo,link,277
Bastion_fort,Michelangelo,link,39
The_Thinker,Michelangelo,link,74
Pietro_Aretino,Michelangelo,link,10
The_Torment_of_Saint_Anthony,Michelangelo,link,35
High_Renaissance,Michelangelo,link,622
Caravaggio,Michelangelo,link,129
Louvre,Michelangelo,link,40
Temptation_of_Saint_Anthony_in_visual_arts,Michelangelo,link,20
Longevity,Michelangelo,link,10
The_Agony_and_the_Ecstasy_(novel),Michelangelo,link,148
List_(information),Michelangelo,link,11
Adolf_Hitler,Michelangelo,other,12
other-empty,Michelangelo,external,22456
Laocoön_and_His_Sons,Michelangelo,link,21
Timeline_of_Italian_history,Michelangelo,link,13
Caprese_Michelangelo,Michelangelo,link,16
The_Genius_of_Victory,Michelangelo,link,11
Mannerism,Michelangelo,link,118
Jeremiah,Michelangelo,link,30
Vittoria_Colonna,Michelangelo,link,70
Peter_Paul_Rubens,Michelangelo,link,35
Mononym,Michelangelo,link,10
Anthony_the_Great,Michelangelo,link,12
Battle_of_Cascina_(Michelangelo),Michelangelo,link,23
Cangiante,Michelangelo,link,13
Teenage_Mutant_Ninja_Turtles,Michelangelo,link,510
Lisa_del_Giocondo,Michelangelo,link,119
Rembrandt,Michelangelo,link,33
The_Devil_Conspiracy,Michelangelo,link,47
Rondanini_Pietà,Michelangelo,link,92
Charlton_Heston,Michelangelo,link,14
Michelangelo_Buonarroti_the_Younger,Michelangelo,link,23
Isabella_Stewart_Gardner_Museum_theft,Michelangelo,link,21
Drawing,Michelangelo,link,11
Baroque_architecture,Michelangelo,link,11
The_Entombment_(Michelangelo),Michelangelo,link,32
Apostolic_Palace,Michelangelo,link,16
Domenico_Ghirlandaio,Michelangelo,link,30
Second_Coming,Michelangelo,link,16
Wikipedia,Michelangelo,other,25
Humanism,Michelangelo,link,15
Donatello,Michelangelo,link,388
Art,Michelangelo,link,18
The_Agony_and_the_Ecstasy_(film),Michelangelo,link,122
Filippo_Brunelleschi,Michelangelo,link,14
Pope_Alexander_VI,Michelangelo,link,27
Main_Page,Michelangelo,other,664
Italian_Renaissance_painting,Michelangelo,link,70
Old_Master,Michelangelo,link,101
other-other,Michelangelo,external,40
The_Lego_Movie_(franchise),Michelangelo,link,22
Palazzo_Vecchio,Michelangelo,link,100
Calendar_of_saints_(Lutheran),Michelangelo,link,11
Belvedere_Torso,Michelangelo,link,13
List_of_messiah_claimants,Michelangelo,link,10
other-internal,Michelangelo,external,2958
David_(Michelangelo),Michelangelo,link,4630
List_of_literary_movements,Michelangelo,link,10
David,Michelangelo,link,110
"Lives_of_the_Most_Excellent_Painters,_Sculptors,_and_Architects",Michelangelo,link,16
Italian_art,Michelangelo,link,12
History_of_Florence,Michelangelo,link,13
Marble_sculpture,Michelangelo,link,22
Gian_Lorenzo_Bernini,Michelangelo,link,324
Madonna_of_the_Stairs,Michelangelo,link,16
Michelangelo_(disambiguation),Michelangelo,link,22
Moses_(Michelangelo),Michelangelo,link,211
Amor_Vincit_Omnia_(Caravaggio),Michelangelo,link,12
Lorenzo_de'_Medici,Michelangelo,link,433
Medici_Chapel,Michelangelo,link,63
Art_patronage_of_Julius_II,Michelangelo,link,11
Catholic_Church,Michelangelo,link,31
Madonna_of_Bruges,Michelangelo,link,232
Sistine_Chapel_ceiling,Michelangelo,link,1371
Medici_(TV_series),Michelangelo,link,14
Vatican_City,Michelangelo,link,83
Pitti_Tondo,Michelangelo,link,20
Michelangelo_(computer_virus),Michelangelo,link,16
Raphael,Michelangelo,link,2237
Isaiah,Michelangelo,link,28
Albrecht_Dürer,Michelangelo,link,28
Nude_(art),Michelangelo,link,27
William_Blake,Michelangelo,link,22
Book_of_Judith,Michelangelo,link,15
Saturn_(Rubens),Michelangelo,link,23
Palazzo_Farnese,Michelangelo,link,12
1564,Michelangelo,link,13
Piazza_della_Signoria,Michelangelo,link,31
Giuliano_de'_Medici,Michelangelo,link,27
Raphael_Rooms,Michelangelo,link,41
1500s_(decade),Michelangelo,link,12
Stendhal_syndrome,Michelangelo,link,22
El_Greco,Michelangelo,link,34
"List_of_gay,_lesbian_or_bisexual_people:_M",Michelangelo,link,20
Francesco_Borromini,Michelangelo,link,15
History_of_painting,Michelangelo,link,18
Same-sex_relationship,Michelangelo,link,13
Michelangelo_(Teenage_Mutant_Ninja_Turtles),Michelangelo,link,955
Madonna_(art),Michelangelo,link,11
The_Last_Supper_(Leonardo),Michelangelo,link,19
Demon,Michelangelo,link,13
Flaying,Michelangelo,link,307
Mona_Lisa,Michelangelo,link,31
Teenage_Mutant_Ninja_Turtles_(Mirage_Studios),Michelangelo,link,53
Tintoretto,Michelangelo,link,13
Contrapposto,Michelangelo,link,12
Santa_Maria_degli_Angeli_e_dei_Martiri,Michelangelo,link,116
Buonarroti,Michelangelo,link,21
Leonardo_da_Vinci,Michelangelo,link,6739
Masterpiece,Michelangelo,link,274
"Santa_Croce,_Florence",Michelangelo,link,299
Adam_and_Eve,Michelangelo,link,49
Palace_of_Whitehall,Michelangelo,link,18
Niccolò_Machiavelli,Michelangelo,link,15
Jack_White,Michelangelo,link,22
Florence_Baptistery,Michelangelo,link,18
Biagio_da_Cesena,Michelangelo,link,16
Artemisia_Gentileschi,Michelangelo,link,43
Life_expectancy,Michelangelo,link,24
The_Deposition_(Michelangelo),Michelangelo,link,64
History_of_homosexuality,Michelangelo,link,18
Flying_Spaghetti_Monster,Michelangelo,link,43
Pietro_Torrigiano,Michelangelo,link,51
1488,Michelangelo,link,25
Vitruvius,Michelangelo,link,21
Andrea_del_Sarto,Michelangelo,link,12
William_Shakespeare,Michelangelo,other,23
Renaissance_architecture,Michelangelo,link,28
Castello_Sforzesco,Michelangelo,link,13
Arturo_Di_Modica,Michelangelo,link,16
Sigmund_Freud's_views_on_homosexuality,Michelangelo,link,31
Siena_Cathedral,Michelangelo,link,62
Sin_(2019_film),Michelangelo,link,75
Laurentian_Library,Michelangelo,link,23
List_of_works_by_Michelangelo,Michelangelo,link,206
SS_Michelangelo,Michelangelo,link,16
Renaissance_art,Michelangelo,link,101
Bargello,Michelangelo,link,15
Uffizi,Michelangelo,link,112
Jakob_Böhme,Michelangelo,link,14
No_Time_for_Nuts,Michelangelo,link,12
Pieter_Bruegel_the_Elder,Michelangelo,link,10
List_of_people_with_tinnitus,Michelangelo,link,22
"Tall,_dark_and_handsome",Michelangelo,link,16
Vincent_van_Gogh,Michelangelo,other,22
List_of_works_by_Leonardo_da_Vinci,Michelangelo,other,12
Galileo_Galilei,Michelangelo,other,34
Leon_Battista_Alberti,Michelangelo,link,11
Restoration_of_the_Sistine_Chapel_frescoes,Michelangelo,link,167
Nordicism,Michelangelo,link,13
Sleeping_Cupid_(Michelangelo),Michelangelo,link,11
Tomb_of_Dante,Michelangelo,link,12
Sculpture_in_the_Renaissance_period,Michelangelo,link,24
Angel_(Michelangelo),Michelangelo,link,34
Florence_Cathedral,Michelangelo,link,23
Crucifixion_of_Jesus,Michelangelo,link,10
The_Conversion_of_Saul_(Michelangelo),Michelangelo,link,32
The_Raising_of_Lazarus_(Sebastiano_del_Piombo),Michelangelo,link,12
Omnipotence,Michelangelo,link,25
The_Last_Judgment_(Michelangelo),Michelangelo,link,740
Replicas_of_Michelangelo's_David,Michelangelo,link,26
The_Monuments_Men,Michelangelo,link,21
Vatican_Apostolic_Archive,Michelangelo,link,42
Carrara_marble,Michelangelo,link,12
Angkor_Wat,Michelangelo,link,12
Pablo_Picasso,Michelangelo,other,32
Claude_Monet,Michelangelo,other,11
Pope_Innocent_VIII,Michelangelo,link,10
Christian_demonology,Michelangelo,link,34
List_of_Renaissance_figures,Michelangelo,link,35
The_Wedding_at_Cana,Michelangelo,link,14
Societal_and_cultural_aspects_of_autism,Michelangelo,link,26
Renaissance,Michelangelo,link,530
Rome,Michelangelo,link,15
Sebastiano_del_Piombo,Michelangelo,link,15
God_the_Father_in_Western_art,Michelangelo,link,11
Ernő_Rubik,Michelangelo,link,10
"Santo_Spirito,_Florence",Michelangelo,link,37
16th_century,Michelangelo,link,57
Separation_of_Light_from_Darkness,Michelangelo,link,22
"Giuliano_de'_Medici,_Duke_of_Nemours",Michelangelo,link,13
Leonardo's_horse,Michelangelo,link,10
Charon,Michelangelo,link,18
Atlas_Slave,Michelangelo,link,10
Italy,Michelangelo,link,77
Adam,Michelangelo,link,153
Tuscany,Michelangelo,link,11
Crucifix_(Michelangelo),Michelangelo,link,23
Steve_McQueen_filmography,Michelangelo,other,11
Sofonisba_Anguissola,Michelangelo,link,21
other-external,Michelangelo,external,856
Culture_of_Italy,Michelangelo,link,18
Rebellious_Slave,Michelangelo,link,16
Irving_Stone,Michelangelo,link,14
Piazza_Santa_Croce,Michelangelo,link,13
Paul_the_Apostle,Michelangelo,link,20
Doni_Tondo,Michelangelo,link,94
Roman_Renaissance,Michelangelo,link,20
Nicodemite,Michelangelo,link,27
List_of_paintings_by_Raphael,Michelangelo,link,51
Piazza_del_Campidoglio,Michelangelo,link,30
Capitoline_Museums,Michelangelo,link,33
Last_Judgment,Michelangelo,link,23
Contessina_di_Lorenzo_de'_Medici,Michelangelo,link,12
Renaissance_literature,Michelangelo,link,33
Pope_Julius_II,Michelangelo,link,60
The_Battle_of_Anghiari_(Leonardo),Michelangelo,link,15
Pietà_(Michelangelo),Michelangelo,link,1776
Gallery_of_Sistine_Chapel_ceiling,Michelangelo,link,40
Tommaso_dei_Cavalieri,Michelangelo,link,167
Capitoline_Hill,Michelangelo,link,77
Homoeroticism,Michelangelo,link,13
Italian_Renaissance,Michelangelo,link,245
Fresco,Michelangelo,link,158
List_of_The_Lego_Movie_(franchise)_characters,Michelangelo,link,11
Baroque,Michelangelo,link,25
Libyan_Sibyl,Michelangelo,link,10
Head_of_a_Faun,Michelangelo,link,32
Medici_Madonna,Michelangelo,link,17
Demonology,Michelangelo,link,20
Pierino_da_Vinci,Michelangelo,link,14
Arezzo,Michelangelo,link,75
Nicodemus,Michelangelo,link,29
Bacchus_(Michelangelo),Michelangelo,link,71
Florence,Michelangelo,link,189
Book_of_Genesis,Michelangelo,link,11
Laszlo_Toth,Michelangelo,link,12
Cappella_Paolina,Michelangelo,link,15
Creativity_and_mental_health,Michelangelo,link,32
Raffaele_Riario,Michelangelo,link,10
List_of_LGBT_Catholics,Michelangelo,link,14
Galleria_dell'Accademia,Michelangelo,link,101
The_School_of_Athens,Michelangelo,link,253
other-search,Michelangelo,external,60476
Porta_Pia,Michelangelo,link,16
Leda_and_the_Swan,Michelangelo,link,28
Accademia_di_Belle_Arti_di_Firenze,Michelangelo,link,10
Baroque_painting,Michelangelo,link,12
Accademia_delle_Arti_del_Disegno,Michelangelo,link,11
Florentine_painting,Michelangelo,link,16
Daniele_da_Volterra,Michelangelo,link,14
Domus_Aurea,Michelangelo,link,22
Pietà,Michelangelo,link,205
Piazzale_Michelangelo,Michelangelo,link,35
Sandro_Botticelli,Michelangelo,link,78
"San_Domenico,_Bologna",Michelangelo,link,22
Leah,Michelangelo,link,17
Bartholomew_the_Apostle,Michelangelo,link,45
Palazzo_Medici_Riccardi,Michelangelo,link,11
The_Creation_of_Adam,Michelangelo,link,1594
Pope_Clement_VII,Michelangelo,link,97
List_of_Little_Einsteins_episodes,Michelangelo,link,25
St._Peter's_Basilica,Michelangelo,link,1469
Pre-Raphaelite_Brotherhood,Michelangelo,link,129
Leda_and_the_Swan_(Michelangelo),Michelangelo,link,20
Freaky_Styley,Michelangelo,link,12
Prophet,Michelangelo,link,13
God,Michelangelo,other,10
Sistine_Chapel,Michelangelo,link,2592
Moses,Michelangelo,link,25
Tomb_of_Pope_Julius_II,Michelangelo,link,56
Donato_Bramante,Michelangelo,link,76
Santa_Maria_sopra_Minerva,Michelangelo,link,25
Lorenzo_Ghiberti,Michelangelo,link,28
"Risen_Christ_(Michelangelo,_Santa_Maria_sopra_Minerva)",Michelangelo,link,24
Battle_of_the_Centaurs_(Michelangelo),Michelangelo,link,29
Importuno_di_Michelangelo,Michelangelo,link,13
Michael_(archangel),Michelangelo,link,11
Taddei_Tondo,Michelangelo,link,11
Spanish_Steps,Michelangelo,link,15
"Basilica_of_San_Lorenzo,_Florence",Michelangelo,link,50
Brutus_(Michelangelo),Michelangelo,link,13
Michel-Ange,Michelangelo,link,14
Man,Michelangelo,link,21
List_of_Medici_episodes,Michelangelo,link,10
Alcohol_intoxication,Michelangelo,link,162
Casa_Buonarroti,Michelangelo,link,25
Quattrocento,Michelangelo,link,38
Sculpture,Michelangelo,link,104
Mimar_Sinan,Michelangelo,link,42
Classical_sculpture,Michelangelo,link,15
High_culture,Michelangelo,link,27
Personal_life_of_Leonardo_da_Vinci,Michelangelo,link,149
Homoerotic_poetry,Michelangelo,link,22
Ezekiel,Michelangelo,link,31
Rialto_Bridge,Michelangelo,link,27
Michelangelo_(given_name),Michelangelo,link,42
Italian_Renaissance_sculpture,Michelangelo,link,37
David_(Donatello),Michelangelo,link,16
Auguste_Rodin,Michelangelo,link,24
Fireworks_(1947_film),Michelangelo,link,10
Théodore_Géricault,Michelangelo,link,10
"Church_of_Our_Lady,_Bruges",Michelangelo,link,11
High_Renaissance,Raphael,link,883
Caravaggio,Raphael,link,21
Louvre,Raphael,link,45
Florentine_painting,Raphael,link,17
Domus_Aurea,Raphael,link,20
Saint_George_and_the_Dragon_(Raphael),Raphael,link,42
Aristotle,Raphael,link,36
Pythagoras,Raphael,link,11
La_velata,Raphael,link,35
The_Marriage_of_the_Virgin_(Raphael),Raphael,link,39
St._Peter's_Basilica,Raphael,link,59
Pre-Raphaelite_Brotherhood,Raphael,link,775
Miraculous_catch_of_fish,Raphael,link,21
Palazzo_Pitti,Raphael,link,11
Sistine_Madonna,Raphael,link,227
El_Greco,Raphael,link,28
Museo_del_Prado,Raphael,link,44
History_of_painting,Raphael,link,17
Renaissance_architecture,Raphael,link,17
Siena_Cathedral,Raphael,link,11
Ezekiel,Raphael,link,44
St._Michael_(Raphael),Raphael,link,22
Donatello,Raphael,link,253
Giovanni_Battista_Salvi_da_Sassoferrato,Raphael,link,15
The_Agony_and_the_Ecstasy_(film),Raphael,link,34
William-Adolphe_Bouguereau,Raphael,link,34
Pope_Alexander_VI,Raphael,link,11
Main_Page,Raphael,other,285
Pope_Clement_VII,Raphael,link,31
Portrait_of_Agnolo_Doni,Raphael,link,13
Raffaello_Sanzio_Morghen,Raphael,link,10
National_Gallery_of_Art,Raphael,link,24
List_of_paintings_by_Raphael,Raphael,link,200
Raphael_Rooms,Raphael,link,201
Andrea_del_Sarto,Raphael,link,17
Yolande_de_Polastron,Raphael,link,10
Madonna_del_Prato_(Raphael),Raphael,link,54
Giulio_Romano,Raphael,link,34
Idealism,Raphael,link,23
Leonardo_da_Vinci,Raphael,link,211
La_belle_jardinière,Raphael,link,16
Portrait_of_a_Cardinal_(Raphael),Raphael,link,11
Madonna_del_Cardellino,Raphael,link,32
Petrarch,Raphael,other,10
Iran,Raphael,link,10
List_of_last_words,Raphael,link,14
Gemäldegalerie_Alte_Meister,Raphael,link,12
Raphael_(disambiguation),Raphael,link,68
St._Michael_Vanquishing_Satan,Raphael,link,83
"List_of_painters_by_name_beginning_with_""R""",Raphael,link,13
Attila,Raphael,link,31
Italy,Raphael,link,26
Hanno_(elephant),Raphael,link,11
Sandro_Botticelli,Raphael,link,32
Transfiguration_(Raphael),Raphael,link,182
Nazi_plunder,Raphael,link,19
Psyche_(mythology),Raphael,link,24
Portrait_of_a_Man_in_Red_Chalk,Raphael,link,10
Baldassare_Castiglione,Raphael,link,25
Three_Graces_(Raphael),Raphael,link,32
Order_of_the_Golden_Spur,Raphael,link,11
Isabella_Stewart_Gardner_Museum_theft,Raphael,link,24
Drawing,Raphael,link,14
Self-portrait_(Raphael),Raphael,link,19
other-external,Raphael,external,367
Paul_the_Apostle,Raphael,link,13
Roman_Renaissance,Raphael,link,17
Ezekiel's_Vision_(Raphael),Raphael,link,14
"Sant'Agostino,_Rome",Raphael,link,10
Tribuna_of_the_Uffizi,Raphael,link,10
Madonna_(art),Raphael,link,21
Madonna_of_the_Pinks,Raphael,link,19
Madonna_della_Seggiola,Raphael,link,29
Pierre-Auguste_Renoir,Raphael,link,12
La_Fornarina,Raphael,link,39
Vitruvian_Man,Raphael,link,25
Mona_Lisa_(Prado),Raphael,link,12
Portrait_of_Baldassare_Castiglione,Raphael,link,38
Oil_painting,Raphael,link,23
Giovanni_Santi,Raphael,link,30
Resurrection_of_Christ_(Raphael),Raphael,link,28
Saint_Catherine_of_Alexandria_(Raphael),Raphael,link,11
The_School_of_Athens,Raphael,link,1243
Raffaello_MPLM,Raphael,link,13
Sprezzatura,Raphael,link,13
Assumption_of_the_Virgin_(Titian),Raphael,link,11
Western_canon,Raphael,link,17
Portrait_of_Pope_Julius_II,Raphael,link,25
Mona_Lisa,Raphael,link,433
Vision_of_a_Knight_(Raphael),Raphael,link,11
Rianne_Van_Rompaey,Raphael,link,84
History_of_Western_civilization,Raphael,link,12
Raphael_(Teenage_Mutant_Ninja_Turtles),Raphael,link,1856
In_hoc_signo_vinces,Raphael,link,15
Portrait_painting,Raphael,link,12
Salvador_Dalí,Raphael,link,12
Transfiguration_of_Jesus,Raphael,link,121
Chigi_Chapel,Raphael,link,56
Satan,Raphael,link,28
Michael_(archangel),Raphael,link,23
Bindo_Altoviti,Raphael,link,10
Titian,Raphael,link,51
Giorgio_Vasari,Raphael,link,25
Coronation_of_the_Virgin,Raphael,link,11
Saint_Michael_in_the_Catholic_Church,Raphael,link,17
Saint_John_the_Baptist_(Leonardo),Raphael,link,12
"Giuliano_de'_Medici,_Duke_of_Nemours",Raphael,link,18
Leda_and_the_Swan_(Leonardo),Raphael,link,10
Disputation_of_the_Holy_Sacrament,Raphael,link,35
The_Last_Judgment_(Michelangelo),Raphael,link,11
The_Mass_at_Bolsena,Raphael,link,10
Sistine_Chapel_ceiling,Raphael,link,317
Pope_Leo_X,Raphael,link,160
Vatican_City,Raphael,link,17
Perugia,Raphael,link,27
Albrecht_Dürer,Raphael,link,145
William_Blake,Raphael,link,29
Fernando_Botero,Raphael,link,51
Mond_Crucifixion,Raphael,link,10
Lost_artworks,Raphael,link,29
Platonic_Academy,Raphael,link,14
Raphael_Cartoons,Raphael,link,76
Raffael,Raphael,link,61
"Ralph_Percy,_12th_Duke_of_Northumberland",Raphael,link,24
Homer,Raphael,link,10
Gabriel,Raphael,other,18
Claude_Monet,Raphael,other,12
Nicolas_Poussin,Raphael,link,26
Pope_Innocent_VIII,Raphael,link,16
Ananias_and_Sapphira,Raphael,link,11
Young_Woman_with_Unicorn,Raphael,link,55
Galleria_Borghese,Raphael,link,14
Galatea_(Raphael),Raphael,link,46
Imperia_Cognati,Raphael,link,23
Renaissance_art,Raphael,link,97
Greek_mythology,Raphael,link,12
Uffizi,Raphael,link,32
Devil_in_Christianity,Raphael,link,10
Carlo_Maratta,Raphael,link,12
Rafael,Raphael,other,50
Catholic_Church,Raphael,link,10
Sappho,Raphael,link,13
"St._George_(Raphael,_Louvre)",Raphael,link,26
Two–Mona_Lisa_theory,Raphael,link,57
Florence,Raphael,link,59
Portrait_of_a_Young_Man_(Raphael),Raphael,link,160
Jean-Auguste-Dominique_Ingres,Raphael,link,40
Rembrandt,Raphael,link,64
other-empty,Raphael,external,7366
Bacchus_and_Ariadne,Raphael,link,20
Guidobaldo_da_Montefeltro,Raphael,link,16
Euclid,Raphael,link,52
Margarita_Luti,Raphael,link,27
1483,Raphael,link,13
Mannerism,Raphael,link,128
"Pantheon,_Rome",Raphael,link,264
Villa_Madama,Raphael,link,13
Peter_Paul_Rubens,Raphael,link,33
Mosaic,Raphael,link,10
Christians,Raphael,link,86
"Lorenzo_de'_Medici,_Duke_of_Urbino",Raphael,link,21
Leon_Black,Raphael,link,74
Pythagoreanism,Raphael,link,26
Civil_wars_of_the_Tetrarchy,Raphael,link,10
Villa_Farnesina,Raphael,link,12
Madonna_of_the_Rose_(Raphael),Raphael,link,11
List_of_Renaissance_figures,Raphael,link,16
Sfumato,Raphael,link,20
The_Wedding_at_Cana,Raphael,link,17
Renaissance,Raphael,link,156
Rome,Raphael,link,13
Self-Portrait_with_a_Friend,Raphael,link,14
Apostolic_Palace,Raphael,link,18
Sea_of_Galilee,Raphael,link,21
Portrait_of_Maddalena_Doni,Raphael,link,15
List_of_Epic_Rap_Battles_of_History_episodes,Raphael,link,10
Portrait_of_Leo_X_(Raphael),Raphael,link,31
Use_Your_Illusion_II,Raphael,link,20
Elymas,Raphael,link,38
Sistine_Chapel,Raphael,link,67
List_of_works_in_the_Louvre,Raphael,link,12
other-search,Raphael,external,28281
Use_Your_Illusion_I,Raphael,link,50
Kunsthistorisches_Museum,Raphael,link,37
Diogenes,Raphael,link,18
Madonna_and_Child_with_the_Book,Raphael,link,13
Wildenstein_&_Company,Raphael,link,11
Euclidean_geometry,Raphael,link,34
Teenage_Mutant_Ninja_Turtles,Raphael,link,692
House_of_Medici,Raphael,link,150
Mary_Magdalene,Raphael,link,13
The_Deposition_(Raphael),Raphael,link,32
Christ_Falling_on_the_Way_to_Calvary,Raphael,link,12
The_Ecstasy_of_St._Cecilia_(Raphael),Raphael,link,12
Major-General's_Song,Raphael,link,47
Italian_Renaissance_painting,Raphael,link,107
Old_Master,Raphael,link,106
other-other,Raphael,external,46
Raffaello,Raphael,link,35
Pietro_Perugino,Raphael,link,139
Chiaroscuro,Raphael,link,34
other-internal,Raphael,external,1647
Political_philosophy,Raphael,link,26
Artificial_intelligence,Raphael,link,84
Urbino,Raphael,link,85
"Lives_of_the_Most_Excellent_Painters,_Sculptors,_and_Architects",Raphael,link,12
Mellon_Collie_and_the_Infinite_Sadness,Raphael,link,16
Victorian_painting,Raphael,link,18
Le_Déjeuner_sur_l'herbe,Raphael,link,10
Crucifixion_of_Jesus,Raphael,link,13
Crayola,Raphael,link,14
Resurrection_of_Jesus,Raphael,link,117
Vatican_Museums,Raphael,link,50
The_Parnassus,Raphael,link,27
The_Romans_in_their_Decadence,Raphael,link,12
Virtue,Raphael,link,24
Jacques-Louis_David,Raphael,link,21
The_Meeting_of_Leo_the_Great_and_Attila,Raphael,link,26
God_the_Father,Raphael,link,91
Antonio_Ciseri,Raphael,link,15
Isleworth_Mona_Lisa,Raphael,link,14
Nordicism,Raphael,link,13
Lyceum_(classical),Raphael,link,17
Italian_lira,Raphael,link,55
Plato,Raphael,link,36
Michelangelo,Raphael,link,1484
Italian_Renaissance,Raphael,link,103
Pope_Julius_II,Raphael,link,136
Saint_George's_Day,Raphael,link,11
Marche,Raphael,link,59
Raphael_(given_name),Raphael,link,64
Quattrocento,Raphael,link,14
Nazarene_movement,Raphael,link,35
