,Franchise,1987 series,2014 film,Mutant Mayhem,1990 film,Web intensity (sum)
2015-07-01,285564,29819,153927,,20999,490309.0
2015-08-01,288941,31731,188984,,24326,533982.0
2015-09-01,284278,29043,187020,,21666,522007.0
2015-10-01,273437,25759,80020,,17808,397024.0
2015-11-01,214244,23510,73136,,18286,329176.0
2015-12-01,266987,39044,148886,,27744,482661.0
2016-01-01,219425,30294,91314,,22557,363590.0
2016-02-01,214717,28411,82408,,20250,345786.0
2016-03-01,224883,31969,77058,,23036,356946.0
2016-04-01,224523,35694,80371,,22504,363092.0
2016-05-01,338514,46396,151477,,42309,578696.0
2016-06-01,439944,80629,229135,,76597,826305.0
2016-07-01,219225,26833,74197,,22050,342305.0
2016-08-01,205210,23324,62879,,22656,314069.0
2016-09-01,255974,29602,119077,,29233,433886.0
2016-10-01,236392,22482,78056,,20809,357739.0
2016-11-01,183878,19810,60369,,18638,282695.0
2016-12-01,194871,19447,57575,,18334,290227.0
2017-01-01,183080,22294,71820,,21184,298378.0
2017-02-01,167881,20632,61496,,21518,271527.0
2017-03-01,196156,23275,66684,,23141,309256.0
2017-04-01,156973,19471,51187,,17854,245485.0
2017-05-01,166236,19464,58324,,16894,260918.0
2017-06-01,140913,18627,54541,,19036,233117.0
2017-07-01,141749,19446,50439,,21600,233234.0
2017-08-01,138059,17870,39971,,18418,214318.0
2017-09-01,128438,16537,34681,,16561,196217.0
2017-10-01,140155,16634,35724,,17890,210403.0
2017-11-01,149459,17377,33799,,18578,219213.0
2017-12-01,120297,23207,36809,,16904,197217.0
2018-01-01,126410,18256,42612,,21768,209046.0
2018-02-01,140749,19973,42749,,21860,225331.0
2018-03-01,129787,18112,42567,,23334,213800.0
2018-04-01,122546,16711,40488,,18818,198563.0
2018-05-01,135135,17696,42778,,18355,213964.0
2018-06-01,126806,17144,51374,,18385,213709.0
2018-07-01,137780,19189,40042,,21291,218302.0
2018-08-01,146489,18154,36804,,19381,220828.0
2018-09-01,126298,16291,35069,,18195,195853.0
2018-10-01,132046,15640,30602,,18239,196527.0
2018-11-01,112403,14849,27334,,16279,170865.0
2018-12-01,121993,16706,36402,,18498,193599.0
2019-01-01,117412,16886,34063,,23504,191865.0
2019-02-01,103436,15177,27108,,20046,165767.0
2019-03-01,121305,16947,27247,,23648,189147.0
2019-04-01,123102,15754,32984,,21765,193605.0
2019-05-01,137719,17136,36374,,25259,216488.0
2019-06-01,122956,16507,33171,,25590,198224.0
2019-07-01,136863,19868,35147,,25548,217426.0
2019-08-01,124019,18467,33659,,25861,202006.0
2019-09-01,116161,15217,31352,,18666,181396.0
2019-10-01,143915,15473,26799,,24204,210391.0
2019-11-01,167707,29323,48781,,26768,272579.0
2019-12-01,134687,16615,39983,,22436,213721.0
2020-01-01,174429,19680,52644,,74731,321484.0
2020-02-01,178949,18305,40854,,44391,282499.0
2020-03-01,160280,21231,40473,,47006,268990.0
2020-04-01,187459,27065,61466,,51574,327564.0
2020-05-01,172214,25704,46192,,37984,282094.0
2020-06-01,153844,22327,47279,,46760,270210.0
2020-07-01,151484,23585,52248,,32879,260196.0
2020-08-01,151213,23799,45872,,32313,253197.0
2020-09-01,139911,22719,45411,,26025,234066.0
2020-10-01,151678,23478,40803,,30465,246424.0
2020-11-01,139258,29596,47199,,27848,243901.0
2020-12-01,126950,22250,45281,,24466,218947.0
2021-01-01,169256,22332,42535,,29296,263419.0
2021-02-01,130813,21314,38495,,27950,218572.0
2021-03-01,154836,27625,37136,,32867,252464.0
2021-04-01,138478,22837,32178,,30539,224032.0
2021-05-01,139838,22715,35107,,36450,234110.0
2021-06-01,127211,20400,36905,,35868,220384.0
2021-07-01,128571,24490,36534,,27099,216694.0
2021-08-01,132390,24795,36846,,27890,221921.0
2021-09-01,119306,20964,30195,,21279,191744.0
2021-10-01,132353,23058,32449,,24944,212804.0
2021-11-01,107632,18805,31248,,27801,185486.0
2021-12-01,105473,19998,32370,,27555,185396.0
2022-01-01,139954,25071,45287,,66040,276352.0
2022-02-01,123012,21924,66486,,38279,249701.0
2022-03-01,121419,22978,37533,,33080,215010.0
2022-04-01,109917,22608,32169,,34871,199565.0
2022-05-01,117301,22970,34858,,31364,206493.0
2022-06-01,166651,42912,35833,,33385,278781.0
2022-07-01,149977,34777,39865,,34338,258957.0
2022-08-01,156124,31788,45098,49521.0,35642,318173.0
2022-09-01,128279,25730,34522,23135.0,27753,239419.0
2022-10-01,132648,22953,31698,27694.0,29895,244888.0
2022-11-01,125259,21433,38509,27899.0,28620,241720.0
2022-12-01,141356,26577,49403,44288.0,41958,303582.0
2023-01-01,127986,28508,55749,68803.0,29342,310388.0
2023-02-01,107704,23660,40515,46981.0,23053,241913.0
2023-03-01,185520,34984,60051,317728.0,37644,635927.0
2023-04-01,125020,27381,43106,94758.0,28713,318978.0
2023-05-01,142846,25450,50168,125014.0,28105,371583.0
2023-06-01,163049,29836,57860,175039.0,36149,461933.0
2023-07-01,256490,46303,74215,367724.0,59590,804322.0
2023-08-01,474271,81893,122747,908436.0,107623,1694970.0
2023-09-01,295512,45489,68415,461581.0,59287,930284.0
2023-10-01,190309,34407,35275,169522.0,37447,466960.0
2023-11-01,164520,26992,40228,124473.0,28681,384894.0
2023-12-01,182143,33778,56578,118975.0,29434,420908.0
2024-01-01,165651,30790,60755,119762.0,33090,410048.0
2024-02-01,176496,29911,44432,102541.0,33463,386843.0
2024-03-01,154733,26826,39757,92256.0,31634,345206.0
2024-04-01,146173,25325,36504,72590.0,32120,312712.0
2024-05-01,146759,24815,41442,67278.0,33225,313519.0
2024-06-01,129215,23173,77943,65997.0,30707,327035.0
2024-07-01,126239,22793,86659,67873.0,28251,331815.0
2024-08-01,128195,25673,37850,68116.0,36024,295858.0
2024-09-01,119342,27022,30590,57459.0,28700,263113.0
2024-10-01,113829,21290,24407,48946.0,23334,231806.0
2024-11-01,109572,21108,24212,45337.0,22183,222412.0
2024-12-01,100007,21149,28817,45252.0,23861,219086.0
2025-01-01,107251,23132,29940,54259.0,27619,242201.0
2025-02-01,107088,21788,31127,45919.0,26865,232787.0
2025-03-01,121404,23997,40074,52232.0,33522,271229.0
2025-04-01,101932,22553,32819,46546.0,33964,237814.0
2025-05-01,93166,21475,25065,50890.0,24896,215492.0
2025-06-01,82327,22232,23627,41280.0,25660,195126.0
2025-07-01,96354,23437,27872,47095.0,29924,224682.0
2025-08-01,113062,26515,32642,51721.0,53771,277711.0
2025-09-01,89536,24310,27388,40785.0,27880,209899.0
2025-10-01,111177,23637,37903,57764.0,28374,258855.0
2025-11-01,96496,21690,35553,43960.0,30964,228663.0
2025-12-01,85942,24112,28329,48231.0,31070,217684.0
2026-01-01,86323,23603,28061,45661.0,28137,211785.0
2026-02-01,90702,22282,24830,39134.0,27891,204839.0
2026-03-01,95551,24379,35458,36427.0,33568,225383.0
2026-04-01,79090,20408,26068,30299.0,25139,181004.0
2026-05-01,74891,20481,23648,28123.0,21045,168188.0
2026-06-01,77427,18815,25000,31091.0,20747,173080.0
2026-07-01,72199,19178,29796,28896.0,22021,172090.0
2026-08-01,73263,19964,31532,31629.0,24918,181306.0
