,Donatello [en-US],Luca della Robbia [en-US],Titian [en-US],Donatello [en-GB],Luca della Robbia [en-GB],Titian [en-GB]
1950,1.102801121533048e-07,1.80066255239808e-08,3.8637065813418303e-07,1.8433195236866595e-07,2.0787545906841842e-08,1.063412128132768e-06
1951,9.619532193028135e-08,1.3894608130726738e-08,3.340083765124291e-07,1.551101007635225e-07,1.684656503186943e-08,5.387453825278499e-07
1952,9.352952901053868e-08,1.5003525533074935e-08,2.6764013227875694e-07,1.0861450050470012e-07,1.8624133346634153e-08,6.453599326050607e-07
1953,9.316657667568506e-08,9.577016513162562e-09,3.025786838861677e-07,2.2189573201103485e-07,4.0534629874855455e-08,5.322160632204032e-07
1954,1.0291834939835098e-07,1.0004047368283864e-08,2.6992424295713136e-07,1.4726680319654406e-07,2.5259396352339536e-08,5.496414132721839e-07
1955,9.467502337656697e-08,1.0200157163353651e-08,2.7658106205308286e-07,1.5900492655873677e-07,1.1150746992427685e-08,6.371316203512833e-07
1956,9.744643847398038e-08,8.34990476761277e-09,3.20456678082337e-07,1.225869681320546e-07,1.151533179921671e-08,6.17274224623543e-07
1957,2.8052667744304927e-07,1.4618720456383016e-08,3.064674274355639e-07,2.0131147948632133e-07,4.153055854771992e-08,6.775321708119009e-07
1958,1.6401610025695845e-07,2.5554603766408945e-08,3.5550044685805915e-07,3.512174941988633e-07,4.6632532502144386e-08,4.7452897433686303e-07
1959,1.5039296386021306e-07,1.6164861449396994e-08,3.477436791854416e-07,2.3277159755252796e-07,3.3423898315732004e-08,5.327085546014132e-07
1960,1.7326466661415907e-07,2.928382869527013e-08,4.4069113869227294e-07,1.3899138195938576e-07,2.2505037833298047e-08,5.215662781665742e-07
1961,1.0687101337225613e-07,1.0902671654378082e-08,2.963615202133951e-07,1.874072950158734e-07,2.1108776948608465e-08,5.736770845032879e-07
1962,1.4103179069024918e-07,2.631334794500617e-08,3.8345314123944263e-07,1.380300744813212e-07,1.9621143820813813e-08,5.895130357203016e-07
1963,1.42642107903157e-07,1.8530769807512115e-08,3.4273620030944585e-07,1.4844977158645634e-07,2.0169041548001587e-08,5.417743977886857e-07
1964,2.1696833130135929e-07,2.508789442856596e-08,4.4044276137356064e-07,3.6637675293604843e-07,8.033456566636232e-08,5.142338181940431e-07
1965,1.6770822242051509e-07,1.2391615733520212e-08,3.0956456953390443e-07,2.443393327666854e-07,1.4438922946169441e-08,7.203100267361151e-07
1966,1.3279858990244975e-07,2.1022376728296877e-08,2.855169611848396e-07,3.4570783213894174e-07,3.79698548158558e-08,3.975372919740039e-07
1967,1.1241548492080256e-07,9.922705324072467e-09,3.403183939099108e-07,2.672436494322028e-07,1.6584522199991625e-08,6.399512813004549e-07
1968,1.7709605515392468e-07,3.518255553558447e-08,5.152038511369028e-07,5.659074417962984e-07,8.948773455585979e-08,1.4362638012244133e-06
1969,1.1523450638151189e-07,1.472041954997394e-08,4.1456812027718115e-07,2.056213475043478e-07,2.5271745585087046e-08,2.1517344066523947e-06
1970,1.4883994481351692e-07,1.0729164223732823e-08,3.926569718259998e-07,4.3789009396277834e-07,6.505836580572577e-08,8.243254683293344e-07
1971,1.3452407188196958e-07,1.5491183447124968e-08,3.57738429102028e-07,1.3495795769813412e-07,3.12521848400138e-08,2.140047627108288e-06
1972,1.2478601263410383e-07,2.941705012915463e-08,3.088493940595072e-07,1.6643134870264475e-07,2.0289453672717173e-08,6.806544661230873e-07
1973,1.1646814357391122e-07,1.8114864275275977e-08,3.009210161053488e-07,1.3061767845101713e-07,2.48258267276924e-08,4.59320858681167e-07
1974,1.1346931927391779e-07,8.821652741630714e-09,2.735323221259023e-07,2.713297817535931e-07,2.2376863029194283e-08,8.554509349778527e-07
1975,1.3998879921928165e-07,1.2044425012902593e-08,2.2066031135636877e-07,1.3571573731496755e-07,1.145079409070604e-08,9.368947644361469e-07
1976,1.4339393317186477e-07,1.0384408888342023e-08,2.8160067699900537e-07,2.3113915403882856e-07,3.8919544920190674e-08,1.462423597331508e-06
1977,1.0670164840576035e-07,1.0369531899812046e-08,3.050428176720743e-07,1.3970689849429618e-07,1.1449962755705201e-08,8.412784495703818e-07
1978,9.491262176197779e-08,7.491872011655687e-09,2.5694347982607724e-07,2.6528175567364087e-07,3.320520747251976e-08,7.39936467653024e-07
1979,1.1025465340708251e-07,1.1198642901888434e-08,3.123770966340089e-07,1.585999171993535e-07,2.386312125679524e-08,4.699565749888279e-07
1980,1.4821129923348053e-07,1.0987736942524862e-08,2.972780634991068e-07,3.673486332900211e-07,2.245703285552736e-07,9.795963933356688e-07
1981,1.5277967690963123e-07,1.6854558637646733e-08,2.967683201404725e-07,1.431191378742369e-07,3.814548676928098e-08,6.2593068150818e-07
1982,1.336509996008317e-07,1.041145658575715e-08,2.475018732184253e-07,1.629416743753609e-07,2.038133395387831e-08,6.712737672387448e-07
1983,1.1307215430633732e-07,1.519182823983556e-08,2.7367738653083507e-07,3.3290098144789226e-07,4.5887517785558884e-08,6.053258516658389e-07
1984,1.5414158838211733e-07,9.806897516284607e-09,2.5368993306074117e-07,1.8247438049456832e-07,1.9561312569749134e-08,4.745446346987592e-07
1985,1.686544521817268e-07,1.4542258064409452e-08,2.4428237566098687e-07,1.7021878306877625e-07,2.4316857860640084e-08,6.68824213789776e-07
1986,1.8893376818596153e-07,2.1225879720532248e-08,2.6398208774480736e-07,4.723848974208522e-07,6.676923192117101e-08,3.980475185016985e-07
1987,1.1535556154740334e-07,1.6514778877763092e-08,2.614539766909729e-07,1.7618943104480422e-07,8.659547745537566e-09,5.111080554343062e-07
1988,1.0182895238131096e-07,9.70470814820601e-09,3.123671774574177e-07,1.9987847110769508e-07,3.409729032455289e-08,5.741866857533751e-07
1989,9.264647360396339e-08,7.049826500349354e-09,2.0369533615394175e-07,1.321655958008705e-07,1.7788615025438048e-08,6.14325301739882e-07
1990,1.442332262513446e-07,8.232628800897146e-09,2.5979173301493574e-07,3.396987153791997e-07,3.376809587507523e-08,7.230885898934503e-07
1991,1.5588497603857832e-07,6.203172198127049e-09,2.497000650691916e-07,2.0505071063325886e-07,3.273069282272445e-08,5.59535635602515e-07
1992,1.106361295910574e-07,7.991953765440485e-09,2.1192613530729432e-07,2.8063956847290683e-07,3.0365775671725714e-08,8.180123245438153e-07
1993,1.559455284905198e-07,8.162369447006768e-09,2.635168527831411e-07,1.8889957686951675e-07,3.070183751674449e-08,8.735328833608946e-07
1994,1.743663489151004e-07,1.540000660327223e-08,2.2569066970845597e-07,2.472149560617254e-07,5.213080100929801e-08,8.225424039665086e-07
1995,1.243228950897901e-07,8.387506689189195e-09,2.8706952548418485e-07,2.84266548078449e-07,3.219847144464438e-08,5.830979716847651e-07
1996,1.456836713487064e-07,1.5746294934615435e-08,3.941240720450878e-07,5.379819185691304e-07,8.5105355651649e-08,5.682558139596949e-07
1997,1.0676419748278931e-07,9.509062870449725e-09,2.2234917196328752e-07,2.565752197369875e-07,2.6047898060710395e-08,6.666875265182171e-07
1998,1.295239400178616e-07,9.560365832328444e-09,2.579883755515766e-07,1.7755539261088416e-07,1.6406104919042264e-08,4.873017473983055e-07
1999,1.343803290865253e-07,9.54855927659537e-09,2.674208872122108e-07,2.5756858690328954e-07,2.964310574782303e-08,9.133294724961161e-07
2000,1.6671833691361826e-07,1.2073271271617614e-08,2.933880978162051e-07,3.981074314651778e-07,8.534757256484227e-08,9.029473062582838e-07
2001,1.3629758655042679e-07,1.1195030680255513e-08,3.319012478186778e-07,3.514051059028134e-07,2.6411399289827386e-08,6.836588681835565e-07
2002,1.4276228910148347e-07,1.064431920383413e-08,2.7208028541281237e-07,5.233428623796499e-07,5.783967793604461e-08,6.478230716311373e-07
2003,1.3834329593009898e-07,7.620695186005833e-09,2.985022717894026e-07,4.282165662061743e-07,4.486681604021214e-08,1.0879504088734393e-06
2004,1.225295562790052e-07,7.922760225653747e-09,2.4737497028581856e-07,3.0233417191993794e-07,3.015794902694324e-08,9.798435485208756e-07
2005,1.7066457758119213e-07,1.513288694354742e-08,2.8594337209142395e-07,1.9820537033865548e-07,2.808416965649485e-08,7.059369409034844e-07
2006,1.9369294079751853e-07,1.4097118139488884e-08,3.697774388911057e-07,2.7998819973618083e-07,2.39519728495452e-08,6.621279453611351e-07
2007,1.1349040107688779e-07,7.800915469147185e-09,3.104671009168669e-07,3.857932142636855e-07,2.711967717061725e-08,9.812858934310498e-07
2008,1.764685322314108e-07,9.21792686625622e-09,2.9871873152842454e-07,2.229734974434905e-07,2.0291190949706106e-08,8.147434868988057e-07
2009,1.762573589303429e-07,8.89532802972326e-09,3.615273556079046e-07,1.7535103324917145e-07,2.2546162270487002e-08,6.694116905237024e-07
2010,1.1994421811323264e-07,8.669689854912122e-09,4.185661168776278e-07,1.5251953300321475e-07,9.801413902721379e-09,5.109029075356375e-07
2011,1.5563436761567573e-07,1.0966255459265994e-08,2.657392030869232e-07,1.5754876869777945e-07,1.9302948572885725e-08,6.495960178654059e-07
2012,1.4561517502897914e-07,1.077167599561335e-08,4.3193989540668554e-07,1.5274892462002754e-07,1.950401617989428e-08,4.5450292418536264e-07
2013,1.0316451692915507e-07,5.691783488970259e-09,2.309210884732238e-07,1.8262443290950614e-07,1.8282591440765827e-08,7.688926189075573e-07
2014,1.162325062864511e-07,4.591602653647442e-09,2.363610747124767e-07,1.208589708312502e-07,1.467788823816818e-08,4.0749384311311587e-07
2015,1.410063816820184e-07,9.342842055559686e-09,4.5029042894384474e-07,1.421694548753294e-07,1.8519104472147774e-08,5.198573944653617e-07
2016,2.5938399517144717e-07,1.3523611563925897e-08,4.2322494664404076e-07,1.8111472854798194e-07,3.3049314396293994e-08,5.340504571904603e-07
2017,1.226688510769236e-07,1.000201521605959e-08,2.4861981273716083e-07,1.809889482728977e-07,2.0019644608737508e-08,6.77739990351256e-07
2018,2.2936779942028807e-07,1.05000461658733e-08,2.887367998027912e-07,2.1530698290916916e-07,2.2729823356826273e-08,7.205288738987292e-07
2019,1.770346500507003e-07,1.3982779378807209e-08,3.510011197249696e-07,4.3440834929242556e-07,2.030024504051653e-08,5.465448111863225e-07
