,Donatello,Leonardo da Vinci,Michelangelo,Raphael,the painter Raphael,the sculptor Donatello,Michelangelo Buonarroti,Titian,Caravaggio,Botticelli,Verrocchio,Ghirlandaio,Fra Angelico,Masaccio,Giovanni Bellini,Michaelangelo,the divine Michelangelo,Renaissance art,Leonardo and Michelangelo,Michelangelo and Raphael,Raphael and Donatello,Lorenzo Ghiberti,Luca della Robbia,Andrea del Sarto,Mantegna,Tintoretto,Perugino,Teenage Mutant Ninja Turtles,Ninja Turtles,TMNT
1900,3.09296240175172e-07,3.164326187743427e-07,4.303091714064067e-07,2.947599341496243e-06,3.645536983398756e-09,1.02075037311522e-09,2.0414884005504064e-08,9.040304576046764e-07,6.899212223743234e-08,3.741070315754769e-07,6.149030440383285e-08,2.8900442927692893e-08,2.747336225183972e-07,8.510258453497954e-08,7.9124355067961e-08,2.1890548040914843e-08,1.4582147989106176e-10,2.6419261445198572e-08,4.08300149246088e-09,4.5204657794784e-09,0.0,1.1208171279974977e-08,8.457645606085863e-08,1.773189239884232e-07,1.352786682673468e-07,2.187825032251567e-07,3.235619772112841e-07,3.214985222488309e-10,6.67153055022851e-10,1.2298061180526787e-10
1901,2.614486334096e-07,2.710299611408118e-07,4.460144396034593e-07,2.435093165331637e-06,5.58824653218437e-10,6.985307887674708e-10,1.9024113839805068e-08,7.052294677123427e-07,4.7140694903191616e-08,3.476185383988195e-07,4.4201748039540696e-08,1.7281001518654193e-08,2.483349135218305e-07,8.170269438778632e-08,7.52027062844718e-08,1.986727404812428e-08,4.1911848991382783e-10,2.9238403698172988e-08,4.8897157434169e-09,6.1470712964251115e-09,2.7941232660921845e-10,1.7747327163419868e-08,9.541930978684833e-08,1.438973527001508e-07,3.6442929740587726e-07,1.719871107752624e-07,2.4252182129203e-07,3.0847085996654755e-10,3.830358530354516e-10,1.1755783846378876e-10
1902,2.583907701136923e-07,3.270636739216571e-07,3.5625541272565897e-07,2.5083384116442176e-06,1.9542856222187766e-09,1.3959183808864848e-10,1.0072857214993292e-08,7.218982887025049e-07,4.271309705927706e-08,3.18822770850602e-07,4.529465869040905e-08,2.3468734511311595e-08,2.9517295274672506e-07,6.723792722596046e-08,5.7759546479019264e-08,2.053514336353146e-08,0.0,3.264115733259132e-08,9.771428111093883e-10,3.350204114127564e-09,0.0,6.502730354185361e-09,6.518938988619993e-08,9.464326922170585e-08,2.774004599359614e-07,1.886886309421243e-07,2.5322765395685565e-07,0.0,0.0,0.0
1903,3.968846158386441e-07,4.916640250485216e-07,5.092493324809766e-07,2.661016878846567e-06,1.9114956284482787e-09,0.0,2.2298895174799327e-08,9.284694897360168e-07,6.517383610571414e-08,4.462517892989127e-07,5.349065546056409e-08,3.963119254990488e-08,2.465336024215503e-07,8.086595926215524e-08,5.41900533335138e-08,2.5313564577800207e-08,0.0,2.0679422618741228e-08,2.7307081040817142e-09,7.782518629539936e-09,0.0,1.2582058062093893e-08,6.321589296476304e-08,1.3721808045374928e-07,1.7123882400937873e-07,2.777619556582067e-07,2.616116887566023e-07,0.0,0.0,2.2908203112237402e-10
1904,3.426090415814542e-07,3.623623001658416e-07,4.428684405866079e-07,2.432916744510294e-06,7.981548755253696e-10,1.3302581258756163e-10,1.8254608491474755e-08,1.0031548072220176e-06,6.112010453307448e-08,3.875799734487373e-07,1.1360489793332817e-07,2.85974817160195e-08,2.042082201114681e-07,7.726927009343856e-08,5.3425154078468053e-08,2.2092956797337138e-08,2.6605162517512326e-10,1.8863095974097632e-08,1.995387188813424e-09,6.119187379027835e-09,0.0,1.4603686260272752e-08,6.571475097416625e-08,1.457962923723244e-07,1.501648085877605e-07,2.5334003339594346e-07,2.001823702357797e-07,0.0,0.0,0.0
1905,2.400717562522914e-07,2.823584850375483e-07,4.486604439080111e-07,2.6133091068913927e-06,9.004599288431334e-10,2.57274257453588e-10,1.5749071380355417e-08,1.1904053280886728e-06,7.692248971125083e-08,3.215381809695828e-07,1.8586896999295282e-07,3.4620530442452946e-08,1.9862635269873866e-07,1.021305635617864e-07,6.299628552142167e-08,1.5146481402439352e-08,0.0,2.8794945095000912e-08,2.4441053625423592e-09,9.133236389402556e-09,0.0,8.227127423765523e-09,5.377032152864558e-08,1.2709348595763006e-07,2.01448216330391e-07,2.60952248254398e-07,2.3444590624421838e-07,1.4206216758516632e-10,1.175303881995049e-10,0.0
1906,1.920914485253889e-07,3.2220111734204693e-07,3.590378696571861e-07,2.763787733783829e-06,1.843959207548096e-09,1.2293061013579631e-10,2.5450738405652373e-08,8.386481908928545e-07,4.0293858916129466e-08,3.2317529985448346e-07,7.110681110589212e-08,3.0297684361357824e-08,1.698584526366176e-07,7.543505375906534e-08,5.3255948984087815e-08,1.7003802810222624e-08,1.5980978762542004e-09,2.3993205644501362e-08,7.375836608147778e-10,4.9172244054318526e-09,1.2293061013579631e-10,1.3678370436309706e-08,5.999013552582255e-08,1.1469425942323141e-07,1.7673649210792067e-07,1.7477847791269596e-07,1.5911437856175328e-07,0.0,0.0,2.0610670115051022e-10
1907,2.200415991637783e-07,3.285186380708183e-07,3.543568709574174e-07,2.5261974769819062e-06,2.4193234082758863e-09,0.0,1.3723225222861402e-08,7.668278385608573e-07,4.762573624361721e-08,3.7212288361843093e-07,9.09705093476987e-08,2.2582090863920712e-08,2.0352240426291249e-07,1.1719141923549617e-07,6.501087312926758e-08,1.6481715547911335e-08,1.2733281096188875e-10,1.988704667610364e-08,2.928654652123441e-09,7.385303035789548e-09,0.0,1.1397254695566517e-08,5.7554430554773723e-08,1.0479490697434812e-07,1.459809055859296e-07,1.847236461571811e-07,2.697007914775895e-07,0.0,0.0,0.0
1908,2.009464026286878e-07,2.69023900045795e-07,3.790001699144341e-07,2.264742306579137e-06,6.059097112931511e-10,3.6354580457143015e-10,1.1172228475686552e-08,5.907315312470018e-07,3.693343941790772e-08,4.970244162905146e-07,7.518956834928758e-08,1.2300972684897718e-07,1.5430948963057745e-07,1.0937588967863121e-07,4.54632242963271e-08,1.7093162441028653e-08,4.847277579322904e-10,2.8207111313349745e-08,1.2118194225863022e-09,4.726095514939743e-09,0.0,1.3273934840185577e-08,5.2956508511670115e-08,1.033681940043607e-07,1.014397810195078e-07,2.4520548436157696e-07,1.4773375767163088e-07,0.0,0.0,0.0
1909,1.1416733514124645e-07,2.775629752704845e-07,3.277381210864405e-07,2.2930544218979776e-06,6.005256847352314e-10,2.4021026834297743e-10,1.196813670389929e-08,5.598142820417706e-07,4.90444271861179e-08,2.812217587688792e-07,4.772983430711975e-08,8.66620055717249e-08,1.397746558495783e-07,8.160587583461165e-08,4.117478269449748e-08,1.3044806124185016e-08,8.40735925322633e-10,2.0752089824327413e-08,1.321156517519739e-09,3.6031539973890862e-09,0.0,8.564354558870946e-09,3.2308282271742434e-08,9.42825337801878e-08,1.0880783918310045e-07,1.571444130377131e-07,2.031551531445075e-07,0.0,0.0,0.0
1910,2.664843634647696e-07,3.605324252475839e-07,5.063391199655598e-07,2.21947971112968e-06,3.353790023474801e-10,2.2358599693905743e-10,2.166319212904e-08,7.827036938579113e-07,6.088113480018364e-08,3.15038704457038e-07,6.737386826216607e-08,5.2130062044852834e-08,1.6073680342287846e-07,8.289997310839682e-08,7.490151432421045e-08,2.4088981476211305e-08,0.0,2.932705811531377e-08,6.707580046949602e-10,9.83778392082968e-09,0.0,1.07294111373335e-08,4.728843805423821e-08,1.1861236970389657e-07,1.5883672688232767e-07,2.0842614389948722e-07,2.004278485401301e-07,0.0,0.0,9.40975838914504e-11
1911,2.753047567694012e-07,4.3161233520550013e-07,8.523442147634341e-07,2.5607587303966284e-06,7.21759763067098e-10,0.0,2.137631938126105e-08,8.410789860135992e-07,5.7365987515822794e-08,2.695854846024304e-07,1.2071120636392152e-07,6.447174882850959e-08,1.4407827109153004e-07,1.6915167577735701e-07,6.224558291023642e-08,2.088399320143708e-08,2.0621707119694572e-10,3.003984971883256e-08,3.505690182592502e-09,1.6806691149895414e-08,2.0621707119694572e-10,1.0452737342347971e-08,5.5472391125022114e-08,1.1352249629226209e-07,2.7339834218764736e-07,2.330168342723482e-07,2.478349472312402e-07,0.0,0.0,8.665557160725257e-11
1912,1.5954510956817105e-07,2.985110540976166e-07,3.249892017720413e-07,2.064103455268196e-06,5.417623571979391e-10,3.250574254209937e-10,5.5314197666689324e-09,5.4670061899742e-07,3.058401532030075e-08,2.8932296913808386e-07,4.8371752825460135e-08,2.2053162851420893e-08,1.384830454753683e-07,6.47981863721725e-08,7.75386510554199e-08,1.651718406492364e-08,1.0835247282736657e-10,2.2619556006020506e-08,2.058696990658859e-09,5.52597612113459e-09,1.0835247282736657e-10,8.889782243670652e-09,3.4781145075157844e-08,8.34314022313265e-08,1.927609787344409e-07,1.6780370515334653e-07,1.3540460486183292e-07,0.0,0.0,9.075375867473312e-11
1913,1.5065695890825737e-07,2.933979885710869e-07,3.391109260064695e-07,2.045022256425e-06,6.352897652384113e-10,4.2352651941079955e-10,8.003203433304407e-09,5.656274879584089e-07,4.213437776456885e-08,2.621006274239335e-07,8.550800600914955e-08,3.5672595544156145e-08,1.286297930391811e-07,4.594063440777063e-08,4.339085890592288e-08,2.38112356498732e-08,0.0,2.3913184321600056e-08,1.164697893685229e-09,3.811738480408167e-09,0.0,7.328234019610136e-09,4.0764426501027635e-08,9.296407199599345e-08,1.1524991805345053e-07,1.6428866445039605e-07,1.618101777012271e-07,0.0,0.0,8.851760296968436e-11
1914,1.687396888883086e-07,2.788295887512504e-07,3.552731300260348e-07,1.971495066754869e-06,6.171071986749155e-10,2.0570239955830519e-10,1.1612613981526463e-08,5.008035941500566e-07,2.8538755358908933e-08,2.065621345082036e-07,7.83956153327381e-08,2.037254454023696e-08,1.3204666515775898e-07,5.269354730330633e-08,3.1466438343841225e-08,2.252154729376344e-08,0.0,1.873002375418764e-08,1.131363225326254e-09,4.936857589399324e-09,0.0,8.147559960036688e-09,5.8830885052429955e-08,9.359459340885225e-08,1.0203464739788617e-07,1.384817380767345e-07,1.1664786825349439e-07,0.0,0.0,0.0
1915,1.1629128948698053e-07,2.3020329820155894e-07,2.366487024119124e-07,1.6787690810815548e-06,4.3291639717502045e-10,3.246873048201593e-10,5.318443019319829e-09,3.8402328073061653e-07,2.04210035548158e-08,1.5839830780350894e-07,4.3100968127873784e-08,1.4818780869063632e-08,9.632290698391445e-08,2.7920751932697385e-08,2.3932992476716208e-08,1.3101971063633757e-08,0.0,1.7826632614514892e-08,1.839894681054943e-09,3.246872992690441e-09,0.0,4.9244839317452715e-09,4.4482160177494734e-08,4.0694139613606246e-08,5.999799412848006e-08,1.1240587838301509e-07,6.758809689699774e-08,0.0,0.0,0.0
1916,1.0105550529715401e-07,2.191939216800165e-07,2.324725869584654e-07,1.7153386124846293e-06,3.2281871620298825e-10,1.0760624336025868e-10,4.40622738295815e-09,2.8960263875887904e-07,1.5540091879984175e-08,1.4650802881988056e-07,3.2427589502503906e-08,1.6168881344924557e-08,8.068292345342344e-08,2.3534704851613242e-08,2.036656354675869e-08,1.6707843997210148e-08,1.0760624336025868e-10,1.7331162283085177e-08,1.3988811220499995e-09,3.6586123020043715e-09,0.0,4.40622738295815e-09,2.8085230141527973e-08,3.9491492742627094e-08,5.1291284108856416e-08,8.74916139537163e-08,6.683137598884059e-08,0.0,0.0,0.0
1917,6.872188862416806e-08,2.0238050524312717e-07,1.834685292578797e-07,1.527913696008909e-06,2.1506961489503595e-10,2.1506961489503595e-10,6.8620602533542305e-09,2.6750197434921574e-07,1.0898228985922742e-08,1.142963057532143e-07,1.9995097133573843e-08,1.0808161476916212e-08,5.8817658299403774e-08,2.0895777552709663e-08,2.146844479966603e-08,1.5221493399053543e-08,0.0,1.6959091908574926e-08,7.527436451937317e-10,1.397952531512203e-09,0.0,3.627089073532375e-09,1.4409664572667681e-08,2.957207279052909e-08,4.530420838477767e-08,6.439862687557253e-08,4.3773052738060876e-08,0.0,9.802943179426649e-11,0.0
1918,7.438603688569857e-08,1.877111088788297e-07,1.5814354981102954e-07,1.3613035889648015e-06,3.49772266705628e-10,2.331815018852268e-10,4.463131197951498e-09,2.100771041568805e-07,1.4642921541963004e-08,8.805276507928286e-08,3.162870854112043e-08,1.0933381311417634e-08,4.69691414650697e-08,2.08905674980997e-08,1.0839032782428148e-08,1.2690532180670289e-08,0.0,1.3708188362215878e-08,9.327260075409072e-10,1.7488612780169883e-09,0.0,2.8691555797877304e-09,1.6555887327740493e-08,2.308496860337073e-08,4.91025957671809e-08,3.973112683297586e-08,3.2312044595528284e-08,0.0,0.0,0.0
1919,7.952273506361962e-08,2.0580968396188842e-07,1.9351747937435e-07,1.4097046232564026e-06,3.266820425285032e-10,2.1778802372640627e-10,4.96310992303961e-09,2.261655680513286e-07,9.849145499174485e-09,1.3861760805866652e-07,2.7997108631439005e-08,1.6780026257379177e-08,6.432190247096514e-08,2.5899606015400426e-08,1.3598921100310692e-08,1.1217082374059828e-08,1.0889401186320312e-10,1.2407774363509816e-08,1.415622175038322e-09,2.0689863156064803e-09,0.0,2.0845061232677153e-09,2.2323272119706417e-08,3.1905944553045635e-08,4.158528099651448e-08,5.6085411870299147e-08,5.052246976333664e-08,0.0,0.0,0.0
1920,8.598102851919975e-08,2.484348726738972e-07,2.053991181583115e-07,1.565896809552214e-06,4.1631315061962927e-10,1.0407828765490732e-10,1.1362387475344349e-08,3.5451975577416306e-07,2.8399792739719487e-08,1.318375666414795e-07,2.5533758218898583e-08,2.3449370445405293e-08,7.054148909446667e-08,3.4045012142769344e-08,2.1493850255183133e-08,1.3287976941001034e-08,9.367046027719539e-10,1.6948895620316762e-08,6.244696981738682e-10,3.018270300358949e-09,0.0,4.071522230475466e-09,2.039934443587299e-08,4.4441428315167286e-08,9.0844601174922e-08,6.852427247849846e-08,5.7581232226766594e-08,0.0,0.0,1.7369904126152136e-10
1921,9.43645162010398e-08,2.2667575194645906e-07,2.061942865339006e-07,1.521215040156676e-06,1.0374176517835564e-10,1.0374176517835564e-10,8.038630205930986e-09,2.9204340989963384e-07,2.4764169381796826e-08,1.2720963127321738e-07,2.5285519456019763e-08,2.320011560641433e-08,6.260674467739591e-08,2.4069034765261683e-08,1.3618385530378418e-08,2.4242817531217042e-08,0.0,1.6928408896887962e-08,1.1411593892063363e-09,3.1122528998395182e-09,0.0,4.161173183803157e-09,1.8777258858904133e-08,4.0874255091694074e-08,6.490819259852287e-08,7.116440059462549e-08,5.0657931183195615e-08,0.0,0.0,0.0
1922,9.112999066474005e-08,2.476216991453839e-07,2.2709491531713866e-07,1.4311960967461346e-06,5.118265811177023e-10,4.094612704452771e-10,6.725313195232729e-09,2.992430552239967e-07,3.2810234529279114e-08,1.1792788257025677e-07,2.1558555829415127e-08,1.6920459700031646e-08,6.127507390374376e-08,2.49941827235034e-08,1.9989125021879772e-08,2.06137595881728e-08,0.0,1.690669115816945e-08,7.165572024625533e-10,2.5591329055885126e-09,0.0,2.6153996746103303e-09,2.8559924203364065e-08,3.756807132049289e-08,5.41111191409982e-08,1.0495838864699181e-07,4.5522050129420684e-08,0.0,0.0,0.0
1923,1.1161640145473943e-07,2.925806938947062e-07,2.743531126725429e-07,1.6506950260009037e-06,4.004297726734052e-10,9.34336163993521e-10,7.659012979388535e-09,3.933361938379676e-07,3.616371557768616e-08,1.7356350667796505e-07,5.5919819885730255e-08,2.7680867376034257e-08,8.607270984839489e-08,5.100869771013095e-08,3.7687204468284114e-08,1.5961145294340895e-08,0.0,2.407118238068051e-08,2.002148891122601e-09,3.870820997065039e-09,0.0,8.266870743511845e-09,3.0566138065069026e-08,6.420223996883578e-08,8.717240973510344e-08,1.390740322904094e-07,6.5295594708914e-08,0.0,0.0,2.2323280723934857e-10
1924,1.3393560038821306e-07,3.0288654784271785e-07,4.103482922346302e-07,1.6091253201011568e-06,2.8320387701619154e-10,2.8320387701619154e-10,1.1361088070316328e-08,4.303971365970938e-07,3.428466754940018e-08,1.7794809537008405e-07,4.448702384252101e-08,3.914858126563559e-08,9.734386452464605e-08,5.789244639231583e-08,3.5632503170290875e-08,2.4912733209703223e-08,0.0,2.5949757898047213e-08,1.699223206585998e-09,3.398446413171996e-09,0.0,1.0199157962631489e-08,2.6904368510827226e-08,7.43410168979608e-08,8.897404768504202e-08,1.768804054336215e-07,8.35169728929941e-08,0.0,0.0,2.372641250136809e-10
1925,1.084606111589892e-07,3.32743866238161e-07,3.1920444598654285e-07,1.7692265146251884e-06,8.502824000444773e-10,0.0,1.1890697315664056e-08,4.331296565851517e-07,3.991540609149524e-08,3.250254394515651e-07,3.753948973894694e-08,2.055168124570628e-08,9.04726960015978e-08,4.989425761436905e-08,3.580133878244851e-08,1.4493093836165372e-08,0.0,2.8305029431408002e-08,1.700564800088955e-09,4.534839614933617e-09,0.0,4.0066479023437296e-09,2.3241053526135147e-08,6.107862304816082e-08,7.496017673247479e-08,1.319821905099161e-07,8.339468848816979e-08,0.0,0.0,1.1879584815854827e-10
1926,1.68863465432878e-07,3.309401961359981e-07,4.228199941280764e-07,1.8030473256658297e-06,2.6233865080271807e-10,7.870159524081544e-10,1.3775629525980548e-08,4.870806833423558e-07,3.450017160844254e-08,2.338957330039193e-07,4.9821334613398e-08,2.4800442588457372e-08,9.882516849302193e-08,5.257694013494074e-08,3.6176000861587454e-08,1.8076766750141363e-08,3.935079762040772e-10,2.5514861334841044e-08,2.229878504067528e-09,7.214312702785719e-09,0.0,8.984105903664386e-09,2.688971179054533e-08,5.732099594979446e-08,1.126491255831752e-07,1.2841118746109714e-07,1.0085513224566969e-07,0.0,0.0,2.204483817713765e-10
1927,1.175758654881065e-07,3.262147174609709e-07,4.128541490899807e-07,1.9181375137122814e-06,2.6651528206578234e-10,1.3325764103289115e-10,8.986752675355092e-09,5.564216394304822e-07,5.6668444159413425e-08,2.12729759141439e-07,4.729806946102144e-08,2.4653003194430312e-08,1.049264142238826e-07,5.677999581621408e-08,7.019382763928661e-08,2.186420289262969e-08,0.0,2.5381504897836752e-08,2.265379883681362e-09,5.863336038913758e-09,0.0,5.707802674947969e-09,2.9449939376036127e-08,8.954913255365683e-08,1.0965566588083676e-07,1.8562261061561006e-07,1.233765658525954e-07,0.0,0.0,1.1155205231760945e-10
1928,1.581095148139866e-07,3.379122688329517e-07,4.619381854809035e-07,1.807722355806618e-06,1.2622797251893303e-10,2.5245594503786606e-10,1.1632596219612878e-08,4.367338419797306e-07,3.4205875465431745e-08,2.037526485310082e-07,5.5597787707029056e-08,3.261736836179807e-08,1.8969194570672698e-07,8.51440375981838e-08,4.7106258449503e-08,2.403942289674888e-08,0.0,2.4992806046952865e-08,4.039295120605857e-09,4.544206788636984e-09,0.0,1.1747770756187492e-08,3.3197956383901335e-08,7.131880153110616e-08,8.567354115029958e-08,1.469899615358372e-07,9.594589300832013e-08,0.0,0.0,1.0590054527748194e-10
1929,1.5344913606440969e-07,3.8643761968160106e-07,5.161471108294791e-07,1.7215843399753794e-06,2.4450338975690045e-10,9.780135590276018e-10,1.2716824038250252e-08,4.848623120778939e-07,6.287721987519035e-08,3.502866263715987e-07,9.929061661750893e-08,4.800413933025993e-08,1.299570158153074e-07,7.539112090171329e-08,5.0086438108110094e-08,2.0822309210188905e-08,1.2225169487845022e-10,2.4095035300319978e-08,2.811789023837718e-09,9.41338029747385e-09,0.0,8.14322920206223e-09,3.2763455948270355e-08,7.212850050564158e-08,1.1375340136510205e-07,1.4534586512127134e-07,1.1098393315478461e-07,0.0,0.0,1.025729501336059e-10
1930,1.322643754519959e-07,3.442192735292338e-07,4.959653665537189e-07,1.6761465531089923e-06,7.46679551522078e-10,9.955727353627708e-10,1.3941534149353174e-08,5.312428470460873e-07,5.2551936136069344e-08,2.305000634805765e-07,7.440521443413672e-08,3.1947415379818274e-08,1.447425859169016e-07,8.31465243322782e-08,5.1799034395116905e-08,2.0708585068973665e-08,2.488931838406927e-10,2.878983451637396e-08,4.2311842918252304e-09,8.089028114000031e-09,0.0,1.0087776836087414e-08,2.8249376171629592e-08,6.458778045725921e-08,1.553664077391659e-07,1.7035151245181626e-07,9.667474643038076e-08,0.0,0.0,1.0406323719402977e-10
1931,1.152596595943578e-07,3.4603380072439904e-07,3.796613441409136e-07,1.53662983848335e-06,1.19157642086698e-10,7.149458802757636e-10,1.5712641854292997e-08,3.685328238134389e-07,4.580577694923704e-08,2.6291127142030746e-07,5.117131607335068e-08,6.736728153100557e-08,9.68765618836187e-08,8.833261944118932e-08,3.597653019937752e-08,1.7189586642984978e-08,0.0,2.7199124730259427e-08,3.098098666498572e-09,6.077039760299385e-09,0.0,5.743241437983215e-09,1.5252178187097343e-08,4.8497160065608114e-08,6.597621649007125e-08,1.1923413012482342e-07,6.180302136726823e-08,0.0,0.0,9.936177575164962e-11
1932,9.89529382877663e-08,3.184661636623787e-07,3.654734257452219e-07,1.578027422510786e-06,9.080501905955883e-10,3.891643673981093e-10,7.68997931999138e-09,3.5459947866911534e-07,4.045109136541215e-08,1.5908587158719456e-07,4.969394851173092e-08,2.47926035257251e-08,7.536179680300847e-08,3.7406383768257e-08,5.229185973121275e-08,1.4353612520778825e-08,0.0,2.5672701298162792e-08,1.8161003811911767e-09,5.318579798796463e-09,0.0,6.743520408747372e-09,2.39984689898165e-08,4.397557518132089e-08,9.558200986248266e-08,1.224406673827616e-07,5.7088232807700485e-08,0.0,0.0,0.0
1933,7.32512503986982e-08,2.844581104000099e-07,3.035218867353251e-07,1.562122633913532e-06,4.380771578826881e-10,1.4602571929422936e-10,8.918205729457895e-09,2.789417408166628e-07,2.6781341588844043e-08,1.4405671322492708e-07,3.3751827999140005e-08,1.2962658502146953e-08,6.96152469004119e-08,3.729821784759224e-08,2.7952586023616284e-08,1.895483059399794e-08,2.9205143858845867e-10,1.7303982247085514e-08,1.6062828844809472e-09,3.358591627034002e-09,0.0,3.0614737411838174e-09,9.783723164957792e-09,3.650642810271165e-08,9.379584042790157e-08,7.557474646091579e-08,9.83205410420851e-08,0.0,0.0,1.2228923429447036e-10
1934,7.210378782929183e-08,3.00082973581084e-07,3.9318732092397113e-07,1.6665542261762312e-06,8.354978375813005e-10,1.3924963959688339e-10,9.014542001750673e-09,3.084828676946927e-07,3.72186228503324e-08,1.1748950612400225e-07,2.5784688162389106e-08,1.3300699208684822e-08,6.754558512511721e-08,4.013544341319175e-08,2.6916660900155875e-08,1.9951048813027228e-08,1.3924963959688339e-10,2.43773534691627e-08,3.0634921266425863e-09,3.341991350325202e-09,2.7849927919376677e-10,4.3168228991419255e-09,1.1696969615115904e-08,3.3976913726974096e-08,8.855464983525962e-08,8.07375784006581e-08,6.697018761769868e-08,0.0,0.0,3.500184031501874e-10
1935,1.0122040094984189e-07,2.9478238161573245e-07,4.892135052614321e-07,1.6592639440204948e-06,3.949741644859728e-10,3.949741644859728e-10,1.3569603218854809e-08,3.739745864095312e-07,5.099653677120841e-08,1.5221692706290926e-07,4.0841381832024126e-08,2.7153999937468143e-08,8.610093260585928e-08,4.779545648148088e-08,6.172368216539327e-08,1.777151936721566e-08,0.0,3.314345420335485e-08,2.8964772802453354e-09,6.7145609072838405e-09,0.0,5.4038240548948124e-09,1.9353734614924182e-08,5.2136591932594456e-08,8.466307832577513e-08,8.653957905835341e-08,6.689155895855947e-08,0.0,1.2008498362359177e-10,1.1038211317204727e-10
1936,8.122387384901233e-08,2.643535310653533e-07,4.54153024520565e-07,1.4647034731751774e-06,3.2879793332440954e-10,1.0959930879517188e-10,1.2217893363697384e-08,3.5550428378883225e-07,4.9600959783902e-08,1.1413752076805397e-07,3.5587305546869175e-08,1.6502921695860095e-08,6.008799857681879e-08,3.180730701046741e-08,4.176116163989718e-08,1.346048339456729e-08,6.575958666488191e-10,2.193212012002732e-08,1.75358894072275e-09,4.164773859116622e-09,1.0959930879517188e-10,4.005866749423603e-09,1.1179129622007622e-08,4.603170822292668e-08,7.762826470525398e-08,1.0067704181437877e-07,5.3288761847625217e-08,0.0,0.0,9.219509183866492e-11
1937,1.6213591891300896e-07,3.39856029540897e-07,4.784288307746465e-07,1.770299149939092e-06,2.447648750347753e-10,2.447648750347753e-10,1.4264337266922666e-08,4.985807322555047e-07,6.649106865097566e-08,1.94256216445865e-07,5.452267615169149e-08,3.7746467285160186e-08,8.324578004703653e-08,5.7080026039102456e-08,3.621804367526239e-08,2.107255347993941e-08,2.447648750347753e-10,2.6634191740981805e-08,3.549090799026544e-09,5.751974452294917e-09,0.0,1.1366894092645909e-08,2.7658430212795796e-08,5.6418304694716426e-08,9.380354981658456e-08,1.4904229317380668e-07,7.661817136295214e-08,0.0,0.0,0.0
1938,8.520098759845497e-08,3.593709720917105e-07,3.546120410646836e-07,1.668425625211967e-06,1.2223502765529304e-10,2.444700553105861e-10,6.459573320682921e-09,3.847852667604457e-07,5.9425900644782814e-08,1.690723081537726e-07,3.63101442246716e-08,2.5775088730028983e-08,7.038707394713128e-08,3.9583174071822214e-08,4.0205275553262254e-08,1.6876546382604832e-08,7.33410165931758e-10,2.6061037772251442e-08,2.689170663927598e-09,5.0116359950891365e-09,0.0,5.234481736948737e-09,1.6990668427752098e-08,3.887073773967131e-08,7.875721763639376e-08,1.0903271885354117e-07,5.6971128259419856e-08,1.3544629307027378e-10,1.1137195332633354e-10,1.0228209945672972e-10
1939,9.325625427436537e-08,4.231688706113346e-07,4.021059680781036e-07,1.5130974588828394e-06,2.35486297128773e-10,1.177431485643865e-10,6.975313660007032e-09,3.987542811501044e-07,5.106420530864853e-08,1.7951334996268997e-07,4.613522719409957e-08,2.7306533922910603e-08,7.608457508467836e-08,3.824886363190672e-08,3.552044347543416e-08,1.5378409656818803e-08,0.0,2.457456638182976e-08,3.179065011238435e-09,5.887157428219325e-09,0.0,3.21937565495034e-09,1.3658205233468834e-08,3.803103609811842e-08,8.4581252224325e-08,1.347582383459667e-07,4.781108131624024e-08,0.0,0.0,1.971590946059365e-10
1940,1.1136577882098209e-07,3.417792129312147e-07,5.652870527228515e-07,1.5756344282635837e-06,2.4094409800667904e-10,4.818881960133581e-10,1.294433094045644e-08,3.137574822176248e-07,4.4304648838533474e-08,1.2747655375733302e-07,3.6853414542292746e-08,2.2253017206708137e-08,5.550704784695881e-08,3.473887133509379e-08,3.1922038346010595e-08,2.3259941528408493e-08,0.0,2.3585011277305057e-08,2.409441091089093e-09,4.096049721624695e-09,0.0,5.155793125766195e-09,1.662514215183819e-08,3.915341650895243e-08,6.947774267018758e-08,1.1781008879552247e-07,5.28635020202728e-08,0.0,0.0,3.020771410788825e-10
1941,1.2993791642657018e-07,3.597085651563248e-07,3.910300279130752e-07,1.6603065660092398e-06,3.6358682731219005e-10,1.2119560910406335e-10,1.4571647888317333e-08,2.941340540019155e-07,4.327885605448501e-08,1.3318130243078485e-07,6.223235970992391e-08,1.864943577345457e-08,7.7273888621221e-08,3.9224630654644e-08,3.5104424256360296e-08,1.70277463240609e-08,2.423912182081267e-10,2.8260165763072116e-08,2.302716683999506e-09,3.514672552995534e-09,0.0,4.857215962772443e-09,1.9270101958568372e-08,3.7813030928646185e-08,6.223235970992391e-08,8.351704394726768e-08,5.402255354169939e-08,0.0,1.1039127251200043e-10,0.0
1942,8.562459896666041e-08,3.5204689652346133e-07,4.991155151401472e-07,1.5409175375680206e-06,0.0,1.2942900917689568e-10,1.3685245825456605e-08,2.907984821831633e-07,2.9372488441481444e-08,1.175983399548386e-07,5.2241841075328934e-08,1.4523665825549873e-08,4.6836571954145256e-08,2.6554463516959004e-08,2.0763820884894812e-08,1.896747292562395e-08,1.2942900917689568e-10,3.0319895927277685e-08,1.6825770776662807e-09,3.6240122014419285e-09,0.0,5.072978925824145e-09,1.1778039876730872e-08,3.3004397437252926e-08,5.6577263762847e-08,9.082710050734023e-08,4.2812299483330214e-08,0.0,0.0,1.0838556441239433e-10
1943,8.468119716553701e-08,2.9670610501852934e-07,5.016527779844182e-07,1.339043024017883e-06,2.735879300885813e-10,1.3679396504429064e-10,8.118153260738836e-09,2.750702776666003e-07,4.389174534935592e-08,1.0777606718193057e-07,3.481465782328996e-08,2.4473671089708663e-08,5.3579810810333584e-08,3.1022963753457595e-08,2.5103828349415384e-08,1.2524084880283226e-08,0.0,3.871734577387542e-08,2.599085391352673e-09,4.924582519549858e-09,0.0,4.246418772169136e-09,1.0396341565410694e-08,2.6127647601015272e-08,5.859892837634106e-08,7.158261183803917e-08,3.492955613637605e-08,0.0,0.0,3.446995744393888e-10
1944,1.2392436588015698e-07,3.2646607905917335e-07,3.965579651321605e-07,1.5697086155341822e-06,5.623877474825179e-10,0.0,9.624367081073616e-09,3.636294820807962e-07,2.926975462003157e-08,1.1082378392757165e-07,5.747730114080696e-08,1.4634877310015781e-08,5.0175032129118335e-08,6.467671198606696e-08,4.9661732504091573e-08,2.065405979578827e-08,4.2179082448967615e-10,2.8231475823758962e-08,2.952535771427733e-09,5.202086761357805e-09,0.0,5.132995806178542e-09,1.8839989124330717e-08,3.4727442255189096e-08,7.695112458350195e-08,1.6051156137564249e-07,3.9183703393064206e-08,4.663932018367234e-10,3.8497466325893015e-10,0.0
1945,8.611869617425327e-08,2.98785721497552e-07,4.270853537491348e-07,1.3363675179789425e-06,5.39567890367465e-10,1.3489197259186622e-10,7.138470259349105e-09,2.893633563871845e-07,4.571872835867907e-08,1.1622063311733657e-07,2.6141155018422072e-08,1.3013994326627198e-08,6.560008358746927e-08,3.768400347325952e-08,3.224619504749171e-08,1.731427090589932e-08,1.3489197259186622e-10,2.94154212099329e-08,2.15827156146986e-09,4.586326873834423e-09,1.3489197259186622e-10,4.430774858121822e-09,6.744598657348888e-09,2.7652854228676915e-08,5.726157681351651e-08,9.279543888851549e-08,3.3270559640641295e-08,0.0,0.0,1.1316517167792028e-10
1946,1.055836165164692e-07,3.056297543935216e-07,4.578437824420689e-07,1.5223683931253618e-06,3.3709163238526685e-10,0.0,1.2417630479433228e-08,4.3612266154013923e-07,4.136460063364211e-08,1.353321295027854e-07,3.428161932106377e-08,1.8037987103980413e-08,7.973966376084719e-08,5.30751265159779e-08,4.187101865227305e-08,2.342105176467157e-08,4.4945552835073944e-10,3.0992765687187784e-08,2.247277697264849e-09,4.6069192904951706e-09,0.0,6.260127971557949e-09,1.4045485663416455e-08,2.9439336302061747e-08,8.036820986490056e-08,8.650678751109808e-08,4.287563726279586e-08,1.2414491656898008e-10,2.0525009469807287e-10,5.666383473545977e-10
1947,9.994396066304034e-08,3.192318445144338e-07,4.077009236880258e-07,1.4125999996394969e-06,4.19627776970799e-10,3.1472083272809915e-10,8.71287753057004e-09,3.922029918612681e-07,4.508485318410749e-08,1.4256323765948764e-07,2.3334933985097454e-08,1.4089016175944382e-08,7.209666819107954e-08,4.420428822982103e-08,2.9489740427379733e-08,1.7611270664019685e-08,2.0981388848539948e-10,3.7053666801512015e-08,2.203045745829968e-09,5.769881905592911e-09,0.0,7.1809433954683755e-09,1.1959391699178925e-08,2.7695433502117343e-08,7.61687459771565e-08,1.0742875389269103e-07,3.724783681491317e-08,0.0,0.0,6.163944910042574e-10
1948,9.9432050149062e-08,3.054074682040664e-07,4.68594606672923e-07,1.624281480872014e-06,1.0052911975089174e-10,0.0,1.0726678212336084e-08,3.818022094037589e-07,4.592412494730525e-08,1.6187200913009297e-07,3.320019459351897e-08,1.6515832257368857e-08,7.196959472821618e-08,6.159731213983832e-08,3.493046563107782e-08,2.08133190682247e-08,1.0052911975089174e-10,3.52055096186632e-08,4.021164734524518e-09,3.6190483942988286e-09,0.0,6.3259895100031835e-09,1.3470901727430372e-08,2.7243391542697282e-08,9.319648341943321e-08,1.34654584371674e-07,4.145810805766814e-08,0.0,0.0,1.685288991692957e-10
1949,1.1024550161664592e-07,3.161788981742575e-07,4.5923871994091314e-07,1.6248478686975432e-06,4.66615857064312e-10,9.332316863730483e-11,9.881642171194473e-09,3.672499246931693e-07,6.307578104269851e-08,1.5326240543345193e-07,6.268400909448246e-08,2.750260819084361e-08,7.04492961745018e-08,4.8266684871123295e-08,4.378589935072341e-08,2.005888255496302e-08,9.332316863730483e-11,3.339313536798727e-08,2.613048666333384e-09,3.546280380462008e-09,0.0,6.6445529078862364e-09,2.081106664775234e-08,4.3115303327567744e-08,7.247838595958457e-08,1.64937290492162e-07,5.061733787670165e-08,0.0,0.0,4.70130046004158e-10
1950,1.372388567233429e-07,3.803846482242079e-07,6.386738959918148e-07,1.6139440504048252e-06,7.280088754058054e-10,9.100110665016811e-10,1.1847001601950069e-08,4.555873545086797e-07,8.08986939659917e-08,1.8202204898898344e-07,6.211863734506552e-08,3.2161789675910775e-08,8.185201494370632e-08,6.61483667840912e-08,4.755370142106585e-08,2.8892388925783052e-08,9.100110942572568e-11,4.490262384138077e-08,3.003036708193463e-09,8.190100153626645e-09,0.0,1.0107232384370946e-08,1.9747240287415483e-08,3.8311465999640866e-08,9.633330932956596e-08,1.4522227331781326e-07,6.546407149699007e-08,0.0,0.0,3.041304152961999e-10
1951,9.852426785528225e-08,3.698262389661977e-07,5.955991468908906e-07,1.4203590126271592e-06,6.524152329490105e-10,0.0,1.1390568488423014e-08,3.443270770731033e-07,1.2391711834425228e-07,1.4673162240796958e-07,3.742515986004946e-08,3.015889760149548e-08,8.60242934663802e-08,6.617768377736867e-08,4.207709736192555e-08,2.6799225949503125e-08,9.32021751443024e-11,3.9271959906272975e-08,3.5416827248724303e-09,8.574599696942187e-09,0.0,6.8003389586124285e-09,1.3048304658980214e-08,2.8147056241323295e-08,8.625756464653024e-08,1.3805899357066664e-07,5.4692296913572136e-08,0.0,0.0,0.0
1952,9.615968821208298e-08,5.860247256350704e-07,6.341383596009109e-07,1.4973883253333042e-06,5.604316455354308e-10,1.8681055313773958e-10,1.1060226512427109e-08,3.113667901288864e-07,1.1037663227853045e-07,1.2521850578650628e-07,3.687032545940383e-08,2.7340284702859208e-08,8.499358727931394e-08,4.8665704355244095e-08,2.6629622951190868e-08,2.2731493132255316e-08,8.406474960587216e-10,4.1943781781128564e-08,4.1098320302523925e-09,7.285611669516355e-09,0.0,6.040585365241213e-09,1.6906355426726805e-08,3.1197362915236226e-08,6.241396022232948e-08,1.820081791947814e-07,3.835451423128689e-08,0.0,0.0,2.343452931707901e-10
1953,1.1288415890930993e-07,5.25417817698326e-07,6.520884880956146e-07,1.530092845314357e-06,7.931499901303594e-10,1.0575332831663782e-09,1.2766093071547855e-08,3.099706020748272e-07,1.866164609509724e-07,1.4886552435200429e-07,3.273714455076515e-08,3.1262498367823355e-08,9.321656335714581e-08,5.4856833742178424e-08,3.0108708415355074e-08,2.8829331810698026e-08,8.812777591016284e-11,3.9823785158432656e-08,3.4369833645797603e-09,5.816433112926234e-09,0.0,7.306380389593414e-09,1.5157977983903947e-08,4.5209549881519706e-08,6.790745032958513e-08,1.19520066732548e-07,4.711494128173399e-08,0.0,0.0,2.2119692189015439e-10
1954,1.079302265338811e-07,4.355229350494483e-07,5.557945428336097e-07,1.5048733530420575e-06,5.50713918912038e-10,3.671426218598839e-10,1.3387245090257238e-08,2.955012803340651e-07,1.0723837107207149e-07,1.4359947897446548e-07,3.3209300198677745e-08,2.3907622548335894e-08,8.01561270691309e-08,4.681589160782097e-08,3.4890504707618675e-08,2.2062661031441173e-08,0.0,4.317386270713541e-08,3.3960692036316686e-09,5.598924879279821e-09,0.0,6.693622545128619e-09,1.4043205709413089e-08,3.120712221971189e-08,6.465051427539947e-08,1.1999935622952762e-07,4.712338252943482e-08,0.0,0.0,2.3062014797847752e-10
1955,1.0749232615125949e-07,3.973216564645554e-07,5.661743216478499e-07,1.4656470739282668e-06,8.631798054103965e-10,8.631798054103965e-10,1.2182408859473526e-08,3.123048770703463e-07,1.1672656796690717e-07,1.439964307792252e-07,2.9073428109427368e-08,1.9839188070136515e-08,1.33613511366093e-07,5.208688591551437e-08,2.915918528856309e-08,2.524987507968035e-08,0.0,4.1498786629290414e-08,2.2442674385558803e-09,6.819120379475407e-09,0.0,1.0060311694815029e-08,1.1393973764484144e-08,3.193765252262892e-08,1.1665441945751809e-07,1.0092735891475969e-07,3.4267689130729195e-08,0.0,0.0,7.214250030695979e-11
1956,1.0284036733310133e-07,4.532709567683925e-07,5.35728190698137e-07,1.91271965377382e-06,5.840045669280869e-10,8.342922186432844e-11,1.5916828743911537e-08,3.392829341919424e-07,1.147145738400468e-07,1.4804568593262957e-07,3.742805887441136e-08,3.249783375736115e-08,7.867460993793429e-08,5.416305626226858e-08,4.3278614469954846e-08,2.305401913815785e-08,5.005753589415463e-10,3.410749016552472e-08,3.670885817541602e-09,4.588607271927003e-09,0.0,1.1293368906706291e-08,9.761219388337851e-09,3.4539699100832883e-08,9.589638239049236e-08,1.573506267504854e-07,5.346865705746495e-08,0.0,0.0,0.0
1957,2.369340137420295e-07,4.12229809398923e-07,5.493803314493562e-07,1.3996768757351674e-06,6.388683471136858e-10,4.79151274213052e-10,1.3877627047520493e-08,3.269755950441322e-07,8.610935253727804e-08,1.7035254984421044e-07,4.22548964706948e-08,2.6392649843387523e-08,7.142255498138186e-08,6.584832590306179e-08,3.2841295904972874e-08,1.8194931783455104e-08,7.985854338921071e-11,3.858125552369529e-08,4.152644450527987e-09,8.225430114805476e-09,0.0,1.656596282373357e-08,1.589184961403589e-08,4.288403943064623e-08,8.75089583018962e-08,1.0170500530648496e-07,4.5320710739815695e-08,0.0,0.0,4.665366981626562e-10
1958,1.682542460912373e-07,4.734436629405536e-07,5.014370003664226e-07,1.5399436961160973e-06,1.544279704113194e-09,3.2511152103786856e-10,9.912295872993582e-09,3.3990207271017425e-07,1.0269005912277865e-07,1.601096215608777e-07,4.208052928333928e-08,2.1515367265578792e-08,8.277506680087755e-08,6.468184210461915e-08,3.136428006200731e-08,2.0225801478090943e-08,8.127788025946714e-11,5.9177885702865764e-08,2.682170041623521e-09,3.6575045214704005e-09,0.0,1.0208185408089321e-08,2.592764403175352e-08,2.950387134603716e-08,9.054100758021377e-08,1.132780695911606e-07,4.248775908877178e-08,0.0,0.0,3.3935909637961004e-10
1959,1.5479972148568777e-07,4.143097669384588e-07,6.276118824644072e-07,1.4592552588510443e-06,5.223645960228396e-10,8.20858658823198e-10,1.2225294554468746e-08,3.328443085592881e-07,1.1697225232865097e-07,1.610315933930906e-07,4.318687629734087e-08,2.24970602147323e-08,7.613641628267942e-08,8.176216681476944e-08,3.871343423611506e-08,2.3618797584390453e-08,1.4924703140017923e-10,5.2161254870952696e-08,3.507305335048727e-09,4.3281640493830764e-09,0.0,1.1274438271868805e-08,1.7760397597044175e-08,5.275882486444061e-08,1.0182879606190909e-07,1.26257745591829e-07,5.010425496720927e-08,0.0,6.791830292618428e-11,3.1159363977906196e-10
1960,1.4341334519940574e-07,6.17516775491822e-07,7.444761536135047e-07,1.8376123307461969e-06,9.208210305367003e-10,2.1249715875804043e-10,1.9496322778422843e-08,3.989401875514887e-07,1.4417962290735886e-07,2.55114230185427e-07,5.5113634545023173e-08,4.08489277958779e-08,9.136890355421201e-08,7.692330683539694e-08,4.401150022204092e-08,2.6525277974087658e-08,0.0,5.913241096777712e-08,3.116625180155097e-09,5.383261392211125e-09,1.4166477713128955e-10,1.203238397806672e-08,2.35163533091054e-08,5.978253625471552e-08,1.1954058720675678e-07,1.6775764777321458e-07,7.639280141802375e-08,0.0,0.0,2.3578025643011813e-10
1961,1.1831497914727153e-07,4.5646740431948274e-07,7.93300500845362e-07,1.5052700064188684e-06,1.2150862538362615e-09,3.375239532310559e-10,1.7359162995944644e-08,3.087430684445281e-07,9.903610020955966e-08,1.5664789998481865e-07,3.8613961805822334e-08,3.181295937793038e-08,6.845521483000995e-08,6.13776478530781e-08,3.539306447919444e-08,2.4056442171627168e-08,2.0251438026530624e-10,4.134302500347077e-08,3.510249202420823e-09,3.645258761508785e-09,6.750479342176874e-11,6.8087180338238795e-09,1.32984441236772e-08,3.5777539153514226e-08,8.088135672323915e-08,1.187084208709166e-07,5.7274565534726214e-08,1.500949586841216e-09,1.288135820232128e-09,1.6861992357952715e-10
1962,1.2608363419985838e-07,5.67519862215704e-07,7.940326440802892e-07,1.6015563915061648e-06,4.659440611121113e-10,9.318881222242226e-10,2.869673387806415e-08,3.673691821859393e-07,1.371874276401286e-07,1.831571552202149e-07,4.086197691322013e-08,3.1035117586952765e-08,6.17524662516189e-08,7.1397423084818e-08,3.8988812178786254e-08,2.720430636315996e-08,0.0,5.261068025674832e-08,4.592877189679712e-09,5.924145618507737e-09,0.0,1.0110452919320778e-08,2.1167172903346912e-08,3.820741056870247e-08,1.1525742849016753e-07,1.4179551044435357e-07,5.296512028962753e-08,0.0,0.0,2.2207596872547697e-10
1963,1.3206120286213266e-07,4.815304919247865e-07,8.953019801083428e-07,1.5413397704833187e-06,6.45050901582067e-10,4.5153561445410157e-10,2.032477119939813e-08,3.299384445654141e-07,8.74865193623009e-08,1.480458564628862e-07,3.931797820655447e-08,3.298848127997189e-08,7.181028394143142e-08,7.96014703041692e-08,4.0239530818553255e-08,2.2582357317446625e-08,3.870305187447798e-10,4.545251286458552e-08,3.289759575864082e-09,5.6119429103773655e-09,0.0,1.1304555513902416e-08,1.7222859582943784e-08,5.108802980657857e-08,1.1425278501064898e-07,1.2213783406878065e-07,5.777006961693588e-08,1.4354881172629064e-10,1.1714565428810886e-10,3.2183883336145414e-10
1964,2.0499255981576425e-07,4.372269586383482e-07,9.442798045711244e-07,1.6298222362820525e-06,8.693956110583654e-10,7.903596666025692e-10,2.2028856960787383e-08,3.9277099972423457e-07,1.4480883692158386e-07,1.530873845467795e-07,5.473038555692256e-08,2.976334201321152e-08,5.7260677976955776e-08,6.452009415625072e-08,3.652341362681e-08,2.1747608158761977e-08,4.74215777757081e-10,5.1663768374510255e-08,3.714690333112003e-09,8.772992110550604e-09,0.0,1.2126634807430037e-08,2.7978732219935413e-08,6.275455888271608e-08,1.1911907193962182e-07,1.295001084145042e-07,6.379736561257232e-08,4.398051922649415e-10,3.58776175435338e-10,0.0
1965,1.6384547052439302e-07,4.111160194497643e-07,8.15904002138268e-07,1.552048615849344e-06,1.126345239299553e-09,6.758071879886527e-10,1.7973466270859717e-08,3.244930155688053e-07,1.0841515774018265e-07,1.741289139545188e-07,3.9001868401555846e-08,3.4926110004107613e-08,5.5833922374404223e-08,5.543030567878304e-08,3.335000542392663e-08,2.6962705845789973e-08,2.2526905341102571e-10,4.5104513901605976e-08,7.283699421378742e-09,5.481546772045931e-09,0.0,9.020903135592562e-09,1.1864170090802872e-08,6.217425863042081e-08,8.195408440769826e-08,1.0321073062868893e-07,5.28594448212516e-08,3.3327399173721517e-10,8.20082113328624e-10,3.762238021121078e-10
1966,1.4318911212285457e-07,3.921175562027202e-07,7.560874450973643e-07,1.4041711438039783e-06,8.77384054298602e-10,1.4623068034236295e-10,1.6256347379339786e-08,2.672863388397673e-07,9.705039616392241e-08,1.416593136127631e-07,4.9443077188016105e-08,3.1269074440842815e-08,6.61580017435881e-08,5.4399624360712564e-08,2.0786803389682973e-08,2.7536366076219565e-08,3.655767077948013e-10,4.423858257496249e-08,3.8751131192782395e-09,6.141688491112518e-09,7.311534017118149e-11,1.0526650662256998e-08,1.900998825021816e-08,5.14732008127794e-08,6.920807038568455e-08,8.371055315592457e-08,3.4879398924658744e-08,0.0,0.0,3.059596465071479e-10
1967,1.239659894736178e-07,4.597540055328864e-07,7.756621585031098e-07,1.5366292700491613e-06,2.573490032187209e-10,9.007214973877351e-10,1.7877674451938222e-08,3.202230516308191e-07,1.4721970842401788e-07,1.4189072317094542e-07,4.1609080625448775e-08,2.8905660087730212e-08,5.6563791872576985e-08,9.732110584081964e-08,2.543905175400596e-08,2.5299181416471583e-08,3.860234909502936e-10,4.6833648070787604e-08,3.281199756344222e-09,6.305050703758752e-09,1.2867450160936042e-10,1.0902451386129997e-08,9.650587884380002e-09,4.1947888718141264e-08,7.492864284586177e-08,9.436056558342899e-08,4.4246654340440734e-08,7.129716955711629e-11,1.1723065573843172e-10,2.6914023787405483e-10
1968,2.436225940982695e-07,6.54685209156014e-07,8.535735673831368e-07,1.8391664298178512e-06,7.556966719057812e-10,5.667725178071237e-10,2.5512987278375483e-08,6.174753934828914e-07,1.4359525835061504e-07,2.842965045601886e-07,7.445485294965692e-08,3.709588014544352e-08,1.2326499643222633e-07,1.1002480704291885e-07,9.60893657975248e-08,2.6361753668879828e-08,1.889241679764453e-10,8.76614763001271e-08,4.093356764656164e-09,8.12373901482033e-09,0.0,1.5135794839693517e-08,4.017787347265767e-08,7.915922850543211e-08,1.7574502919615045e-07,1.857424933859875e-07,9.060866545951285e-08,6.984860606573662e-11,5.733255536988224e-11,3.1570962510940603e-10
1969,1.1413309408681017e-07,3.656533351659164e-07,7.22085303550557e-07,1.5806540432095062e-06,1.938434412984691e-10,4.5230136302976115e-10,1.5726774549307265e-08,5.453927656162705e-07,1.711725872155512e-07,1.593750482697942e-07,7.55475610958456e-08,2.413625388442142e-08,5.772374223056431e-08,5.3521873155659705e-08,3.9935407869506896e-08,2.435272250522757e-08,6.461448043282303e-11,4.66502108054101e-08,4.006097675812725e-09,6.073761049663062e-09,6.461448043282303e-11,8.187347688703994e-09,1.3116739694396529e-08,4.9494691012341725e-08,1.0942490291654396e-07,1.1115665188299317e-07,5.46583329708028e-08,0.0,2.002660481892349e-09,1.9482178092999902e-09
1970,1.7189211121149128e-07,4.823698418476852e-07,7.737014016129251e-07,1.8377877495368007e-06,1.2806845584023563e-09,1.1526161136643511e-09,1.886819234186987e-08,3.944600734939741e-07,1.0711885067848925e-07,1.7808642382988182e-07,5.73507676904228e-08,4.437475809027092e-08,8.228627734752082e-08,6.349168302222098e-08,3.85516756296056e-08,2.4563643563624282e-08,6.40342293078966e-11,4.862635805125137e-08,3.5218825633620554e-09,5.5709779012147465e-09,0.0,1.2928205173068365e-08,1.6328728591474828e-08,4.04696329781018e-08,1.4556628968875884e-07,1.06424657531079e-07,5.345262366063253e-08,1.422319206856315e-10,2.3294063900003437e-10,2.669961196577475e-10
1971,1.142140320098406e-07,3.651462066045497e-07,6.882004868202785e-07,1.6007461454137228e-06,2.52696336078273e-10,5.05392672156546e-10,1.6085973442159233e-08,4.940790745422419e-07,1.432712650739632e-07,1.5912549145014054e-07,3.4359651124304946e-08,3.4836869389209824e-08,7.29346112393614e-08,5.71600402565764e-08,2.5656838431586948e-08,2.0732445094040492e-08,3.790445179951973e-10,4.497153938132215e-08,3.158704187100625e-09,4.422185728714112e-09,0.0,1.0551014284487792e-08,1.4403691572795196e-08,4.0431412884345264e-08,1.1824386803027664e-07,9.57616208552281e-08,4.6396134933957e-08,2.7944183078609797e-10,2.8827909503981175e-10,2.1209661804633129e-10
1972,1.2658694004130666e-07,3.712198974881176e-07,6.204056148817472e-07,1.5918415101623395e-06,2.5927704427886056e-10,8.426503939062966e-10,1.6792151669164923e-08,3.137130875074945e-07,1.1621803963635105e-07,1.4046612761831057e-07,3.7641250116848823e-08,2.840645407786724e-08,4.589854540881788e-08,5.405867042895807e-08,3.3643221541979074e-08,2.33840200536406e-08,1.9445778320914542e-10,4.595746361246712e-08,4.278071230601199e-09,5.574456451995502e-09,0.0,1.0546648887554966e-08,2.5279511817188904e-08,5.0494204373308094e-08,1.0428301067122449e-07,1.048770599254567e-07,4.757810856403921e-08,2.88126134062594e-10,2.356793094016041e-10,2.700233370234173e-10
1973,1.0485084089850717e-07,4.173074330537929e-07,6.410580795090937e-07,1.4581606819774606e-06,5.66395264023356e-10,7.551936853644745e-10,3.043070861963315e-08,2.7733048568734375e-07,1.268170990442741e-07,1.3730218029195385e-07,3.433865103374956e-08,2.44826718898139e-08,5.239573397375352e-08,5.137691161394287e-08,3.666557191195352e-08,2.7733047858191643e-08,3.7759684268223737e-10,5.5427364031857e-08,3.146640281670443e-09,3.775968426822374e-09,0.0,8.923290550910679e-09,1.5418537557820855e-08,4.461935887434265e-08,1.2624040834907646e-07,1.125049564620895e-07,3.3028015877789585e-08,1.3988372959961026e-10,1.716017467012776e-10,9.960829938648885e-10
1974,1.1645206399180097e-07,3.311910745651403e-07,6.023345804351266e-07,1.532513351776288e-06,1.4014625016045552e-09,5.096227329026704e-10,5.5629442385907175e-08,3.226259934763221e-07,8.711274546158165e-08,1.478680218269801e-07,3.993554997805404e-08,2.9499059195359223e-08,9.849718196619508e-08,6.277868180859515e-08,4.263570474449807e-08,2.2949629752133663e-08,3.1851421500306287e-10,5.510737466352113e-08,3.503656254011389e-09,4.395495967202123e-09,0.0,1.206561428546138e-08,9.300614500773465e-09,4.9560810566617874e-08,1.0644155423733537e-07,1.1027536572782993e-07,4.568626721379587e-08,6.357413484536778e-10,6.380853623255689e-10,3.727317898771787e-10
1975,1.2342057686964836e-07,3.918524953405722e-07,7.325024284909887e-07,1.487412077949557e-06,4.961728250485462e-10,2.4808641252427316e-10,2.6123078811224332e-08,2.7142178282701934e-07,1.3992840308674206e-07,1.5027814015411425e-07,3.498210077168552e-08,2.597783321789393e-08,5.963735105751766e-08,5.438785422029469e-08,3.193447639660008e-08,3.047996699478972e-08,1.2404320626213658e-10,5.788828971731164e-08,3.287145000641089e-09,3.721296160108522e-09,0.0,8.801728235141582e-09,9.861435223967874e-09,3.4794119585512824e-08,1.0520504645228357e-07,1.089309549229256e-07,3.6948552661897345e-08,1.1705539870732196e-09,1.354112044715805e-09,9.314761184597842e-10
1976,1.349055906985086e-07,3.223855173928314e-07,5.955203050689306e-07,1.4541855080096866e-06,4.747945925309691e-10,4.747945925309691e-10,2.21020712842801e-08,3.491151403522963e-07,1.1663507137882337e-07,1.3125148257131516e-07,3.520779046084499e-08,2.641818852566757e-08,4.7169056216489487e-08,5.970017014078621e-08,4.3611162681145295e-08,2.365291962291849e-08,1.7804796526021955e-10,5.3745772277125083e-08,1.958527784395869e-09,5.697534888327027e-09,1.1869864813274228e-10,7.3314190274231805e-09,1.127637183628849e-08,3.4897404077582905e-08,1.3080706651180662e-07,9.13526179147084e-08,3.698546535702008e-08,1.3202637594300626e-10,1.0781498610556994e-10,2.962787515325971e-10
1977,9.246562626685773e-08,3.328431716909108e-07,5.916623422308476e-07,1.5572563825116958e-06,3.5371217066426647e-10,6.484723313882055e-10,1.7344886416026384e-08,3.06764263768855e-07,1.161458484943978e-07,1.724292673088712e-07,2.7357273779671232e-08,2.9269340728887986e-08,5.3051799397962895e-08,5.2753453161358266e-08,2.682033439782572e-08,2.9465450523957774e-08,1.1790406151401808e-10,4.710956957865165e-08,3.2423617124521797e-09,4.008738230254494e-09,0.0,7.227036302737133e-09,8.43014014151322e-09,4.816380894112626e-08,1.0021194896125962e-07,1.0021194896125962e-07,3.887870647645286e-08,4.984903156923792e-09,4.8180242018247554e-09,9.805474210367038e-10
1978,1.0102475300755033e-07,3.60945676902702e-07,6.710725983793964e-07,1.5908544810372405e-06,4.588535384986159e-10,3.4414016081285576e-10,1.939712568344021e-08,2.908504654897115e-07,9.384267229961553e-08,2.0271539824534562e-07,2.8205121793689614e-08,2.99174054418927e-08,4.945487219742972e-08,5.355643750704076e-08,3.4269991289193065e-08,2.325852399565065e-08,4.588535384986159e-10,5.8347389142454644e-08,3.441401608128558e-09,4.301751843627244e-09,5.7356692312326985e-11,8.2164772763349e-09,8.947644403178856e-09,3.527436476247203e-08,1.16958503326714e-07,9.379510856888373e-08,3.605309117915567e-08,2.557567491123791e-10,2.6001509279005575e-10,4.75634420737947e-10
1979,1.0615796952606617e-07,3.697341810493527e-07,7.324538842112815e-07,1.717664872558089e-06,9.802939571201819e-10,6.535292862430706e-10,2.2953043909978987e-08,2.9459738470905e-07,1.1202554617284477e-07,1.732288552602768e-07,2.6088139648550168e-08,2.5095166833466465e-08,6.0220891384688e-08,5.817926052031908e-08,4.250015450679712e-08,2.2432189439314243e-08,1.0892154539421384e-10,6.155364928872586e-08,4.0300971448914424e-09,7.07990066572961e-09,0.0,9.72419300637739e-09,1.2852741981816962e-08,4.58015101401088e-08,1.1843474112538389e-07,1.1766744023589128e-07,4.5451137964391826e-08,0.0,0.0,1.3540557564084565e-10
1980,1.693446876060989e-07,4.158690387612296e-07,7.654301725779078e-07,1.6479867781526991e-06,1.1074298145175021e-09,1.1074298145175021e-09,2.2690905154831853e-08,3.691257006721571e-07,1.3808180199248454e-07,1.7590842560366585e-07,3.72431898654213e-08,3.456906938481552e-08,5.7257423691226e-08,7.823014414043429e-08,4.0292260194974006e-08,2.513672114901056e-08,2.9142888102740017e-10,7.438163152073687e-08,4.3714334374556074e-09,6.2948641854632115e-09,5.82857789810376e-11,1.3041968394134074e-08,2.943431809399044e-08,3.4213751831657646e-08,1.1873089533764869e-07,1.078885603078561e-07,4.652967433571576e-08,6.471861241363897e-11,5.3016133150229905e-11,2.431017609438868e-10
1981,1.2804305526969986e-07,3.396122565391124e-07,7.432190045619791e-07,1.601213625690434e-06,9.242721588087475e-10,4.6213607940437374e-10,1.8823124392497448e-08,2.920288579844055e-07,1.0749054979442009e-07,1.498499386798358e-07,3.5508548990037525e-08,3.9947117613792216e-08,5.62064812470453e-08,5.9245241601502137e-08,3.259870595684333e-08,2.6197204405775665e-08,2.888350392193928e-10,5.68374218801182e-08,2.541748367335117e-09,7.220876341307303e-09,5.776700992554672e-11,8.570305354282937e-09,1.6579132733340884e-08,3.523787484027707e-08,1.1960013068801345e-07,9.364414665924414e-08,5.355229504289128e-08,2.563662615528983e-10,2.6289279086988415e-10,3.135945281229624e-09
1982,1.1847599523662212e-07,3.164104782626964e-07,5.765538162449957e-07,1.6232387451964314e-06,5.272531855560203e-10,5.272531855560203e-10,2.2626126749969444e-08,2.568939976299589e-07,1.453266378348417e-07,1.3033340451329425e-07,1.808008320836052e-08,1.955000961118003e-08,5.7259040175949856e-08,4.669463393724983e-08,2.001131349516072e-08,2.4841741108616592e-08,1.171673730260281e-10,6.163485011256853e-08,2.5190984853651344e-09,4.042274515114741e-09,0.0,8.484796865104727e-09,1.04864801286908e-08,2.7299998706098453e-08,6.884151559916063e-08,7.751407338218996e-08,2.6801641794804713e-08,9.091027375340843e-10,9.071795536996774e-10,9.309528148371271e-10
1983,1.1266767785400589e-07,3.205573193554301e-07,6.028635084476264e-07,1.6727141201045017e-06,2.014675759554052e-09,5.59632173935398e-10,2.1838355124259585e-08,2.810362218497176e-07,1.924212114090551e-07,1.39533511855916e-07,2.672516785651169e-08,3.6383735135814283e-08,5.8320654972021664e-08,5.682614556690169e-08,3.321675023926218e-08,1.7957436426740972e-08,2.79816086967699e-10,5.939216407568894e-08,4.1972412212487606e-09,4.9807264979051524e-09,0.0,1.4643943835324082e-08,1.617337019865772e-08,3.3018299205878066e-08,9.6257487314233e-08,1.33110091837807e-07,5.532578484235273e-08,5.576479278346369e-10,5.612661446718903e-10,2.3443130769962295e-10
1984,1.2679895178280276e-07,2.9074504936943413e-07,5.437186700874008e-07,1.4132102705843863e-06,7.652624089971025e-10,4.919544216441807e-10,1.4657373981208366e-08,2.4452447178191505e-07,1.1731308546814034e-07,1.020073909785424e-07,1.8971725523897482e-08,2.1767075253364965e-08,3.968458983649725e-08,3.3223432893692006e-08,2.3830695639048833e-08,2.094221862591894e-08,0.0,5.3992977200323367e-08,2.6784183759787084e-09,4.810221110318481e-09,0.0,5.98260152528951e-09,8.855179700617555e-09,2.7221478404726444e-08,9.508775633548795e-08,1.0631498525981443e-07,3.5743831006129774e-08,3.992596919744074e-09,3.4399958437347777e-09,4.582542401099232e-10
1985,1.424128726057461e-07,3.1799694966139214e-07,6.422811793527217e-07,1.632652129046619e-06,7.129976609121511e-10,8.226896386354097e-10,2.5490685118256813e-08,2.605393660815025e-07,2.21607663775103e-07,1.5600224401168816e-07,2.8831491860614733e-08,4.2053578397371894e-08,4.7632592981017297e-08,4.74709587194866e-08,2.788980779655504e-08,2.1394068738800346e-08,1.6453792495152442e-10,5.9528243667728033e-08,3.729526465434674e-09,5.1555217872589765e-09,0.0,1.0896018309836109e-08,1.2833957896418724e-08,3.943425497254793e-08,1.1261727905775842e-07,9.953291879583048e-08,4.1594475419515227e-08,1.275940353373528e-09,1.149579875736606e-09,3.21370124956033e-10
1986,1.9107156390418825e-07,3.849012273349217e-07,6.060658961359877e-07,1.5617462167938356e-06,7.134914881135044e-10,7.134914881135044e-10,1.6080484499525486e-08,2.492177770818671e-07,1.4826821370661494e-07,1.697389961918816e-07,5.105070854938276e-08,3.0363192848881226e-08,5.635683564264583e-08,7.08628107304321e-08,2.8353751346799072e-08,2.6538996777958346e-08,4.939556541572188e-10,6.667639951274398e-08,3.6223415378344725e-09,6.750727532534029e-09,0.0,1.3575736090842838e-08,2.1349860546138192e-08,3.797970293817343e-08,1.8987361727340613e-07,8.265791962003277e-08,5.869910069122852e-08,2.6701569844078676e-09,2.9055080563722413e-09,3.225225364555939e-10
1987,1.076036184599616e-07,3.320963344322081e-07,5.733451189371408e-07,1.5709849776612828e-06,6.068205382625536e-10,5.516550549700128e-10,1.6373959965676477e-08,2.80251555295763e-07,1.3004229515445334e-07,1.7144256503343058e-07,3.3797086018694245e-08,3.036637963305111e-08,4.992797997260824e-08,4.311562662451252e-08,3.3856309755719856e-08,2.183597835880846e-08,2.758275274850064e-10,6.166685295738716e-08,3.365095757601466e-09,5.295888172440755e-09,0.0,7.809119573209955e-09,1.3570714330057854e-08,3.254764635585161e-08,1.0055676114006928e-07,8.97546783562575e-08,4.8771653382573283e-08,3.65720964623506e-09,3.728224839960603e-09,6.954132825143233e-10
1988,1.0492823321328617e-07,3.24848002719591e-07,6.170833444230084e-07,1.6226417756115552e-06,7.568433657567653e-10,9.190241345713443e-10,2.3345080535364104e-08,3.174635310188023e-07,1.461549032910625e-07,1.0933240446320269e-07,1.96144522845998e-08,1.925122106172239e-08,4.135978315389367e-08,4.558543764687784e-08,3.311744123379867e-08,2.088575890013545e-08,3.7842168287838247e-10,6.450743939012682e-08,2.486771233378704e-09,5.297903893364264e-09,0.0,6.811038399945346e-09,9.83896430994946e-09,4.957324151178e-08,9.997921779358877e-08,1.1686944390021381e-07,3.1601061323272006e-08,8.425689479452103e-09,8.98267327187341e-09,1.27130705962486e-09
1989,9.445959392451186e-08,3.16723060223012e-07,5.478656248669722e-07,1.4858923123028944e-06,5.106788880659963e-10,6.638825600369103e-10,1.7447218780830553e-08,2.383816593010124e-07,9.982661453022956e-08,1.108182772213695e-07,2.6234005190417523e-08,1.730328058613395e-08,4.5250811098185295e-08,4.392371266703776e-08,4.067907966032181e-08,2.0222939767222676e-08,3.06407343941828e-10,6.106526484472853e-08,3.3194127446734e-09,5.10678876963766e-09,0.0,7.3240999931556425e-09,8.477269552997768e-09,2.665743892293904e-08,8.67740155285901e-08,8.046239940995292e-08,2.86384320702382e-08,2.8035582744223575e-08,3.2048770748360766e-08,1.6315747641826306e-09
1990,1.4733653586063158e-07,3.419278300498263e-07,5.992216074446333e-07,1.534459215690731e-06,5.482807541312693e-10,7.476556040941771e-10,1.9699555764418626e-08,3.34802507495624e-07,1.2691613449078434e-07,1.3415534283467428e-07,2.8454657297061203e-08,2.7492220056046797e-08,5.5413529764791753e-08,7.339627217106681e-08,4.1855869881146646e-08,3.59867726729135e-08,5.981244388664209e-10,7.220137376862112e-08,3.189997155317314e-09,5.781869649723603e-09,4.984370555183304e-11,1.3921626518254016e-08,1.0367490865803576e-08,3.0454504695853763e-08,9.113858823184273e-08,8.381569926996235e-08,3.4438503604405923e-08,2.0550849910705438e-07,2.168770976140877e-07,4.268198239287813e-09
1991,1.445895208007642e-07,3.590172070744302e-07,6.329958068818087e-07,1.6374013966924394e-06,6.525759932429762e-10,8.031704745725674e-10,1.8201561147179746e-08,2.499833442470845e-07,1.335776005362277e-07,1.2007639327293873e-07,2.2066039662149706e-08,2.7761863918840397e-08,4.0666961353963416e-08,5.214842246914486e-08,3.4156581563138395e-08,3.468123210836893e-08,3.513870860949453e-10,6.670848762269088e-08,3.011889182502614e-09,4.26684332310856e-09,2.0079261864314188e-10,1.0040658970922324e-08,7.780713850991106e-09,3.413474658486848e-08,1.0623764978845429e-07,9.695556713040788e-08,3.628450073733802e-08,2.2866443316615914e-07,2.4079244553831813e-07,1.8690737846327465e-08
1992,1.26512375686616e-07,3.6126462532593e-07,7.517342623941659e-07,1.5435499562954649e-06,4.90982088319214e-10,9.328660066643124e-10,2.0753986973431893e-08,2.590864767171297e-07,1.24491805308935e-07,1.387182635426143e-07,4.7174108175340734e-08,4.061756797568705e-08,5.724155727193647e-08,7.12147567583088e-08,3.0346541279868695e-08,2.742201132832633e-08,3.9278566510425605e-10,7.07787179976549e-08,3.0931870398376304e-09,6.579159883557395e-09,1.4729462094464907e-10,1.2954432193623688e-08,1.104709657084868e-08,3.643086898819092e-08,2.5933388769772137e-07,9.933778244430869e-08,4.263813480065437e-08,9.101410114453756e-08,1.2219301481763978e-07,2.8040554322927846e-09
1993,1.3754814176536456e-07,3.298523552075494e-07,6.822879754508904e-07,1.6592282463534502e-06,7.81640641100978e-10,1.1724610171626182e-09,2.0195614069962176e-08,3.113794662112923e-07,1.6509876843429089e-07,1.479206162002811e-07,3.21423954119382e-08,3.0133495698692065e-08,6.25038651946852e-08,7.195141193960809e-08,2.5768354561250817e-08,3.8538079394356834e-08,3.4196778742057177e-10,6.763078630456222e-08,3.712792961962919e-09,5.3737791994024064e-09,1.4655762714532727e-10,1.2438357899213772e-08,1.0405591055473453e-08,3.3854810510547395e-08,1.2594571785484734e-07,1.0044499276773423e-07,4.3498829427335295e-08,1.554926285507463e-07,1.631252786182813e-07,5.6987157215360185e-09
1994,1.63036077083234e-07,4.5318773800318013e-07,7.967462920532853e-07,1.7156655758299166e-06,7.909898291913462e-10,8.898635717180523e-10,3.4343059951424955e-08,2.847930034022284e-07,1.5076052761742178e-07,1.5795940555562993e-07,3.337287779459075e-08,4.6688739985256695e-08,7.257230549839734e-08,6.229326743323328e-08,3.705435247525202e-08,2.267857723836641e-08,3.4605804333232005e-10,7.234636711928033e-08,3.510017387853281e-09,5.339181541330617e-09,4.9436864324459145e-11,1.6132199576190942e-08,1.6165854432870222e-08,4.157640276503116e-08,1.470570509809477e-07,8.76350156886474e-08,4.7063249297707443e-08,6.27524272545088e-08,7.713632044215046e-08,5.284732651489321e-09
1995,1.519737509170227e-07,4.107882887183223e-07,8.511516966791532e-07,1.715995836093498e-06,1.319134690369594e-09,8.794230899056286e-10,3.201753528969675e-08,3.130346613033908e-07,1.971629188801672e-07,1.5123362118174557e-07,3.717106977774165e-08,3.58141605261153e-08,7.537740742691312e-08,9.062503636414476e-08,3.1660299271152326e-08,2.2574022651156163e-08,3.9085470970867675e-10,8.855059263623843e-08,3.077980759158549e-09,7.084241637755895e-09,4.8856838713584594e-11,9.913379450665616e-09,1.0895075064354389e-08,2.853239422506704e-08,1.176398498614617e-07,1.134457718876547e-07,4.8314166889440464e-08,6.763042392776697e-08,7.635981802422975e-08,2.549343181001973e-09
1996,1.675828684710723e-07,4.941195470564708e-07,1.0342076848246506e-06,1.937806018759148e-06,1.1993191995074426e-09,6.996028756312e-10,2.949855115730316e-08,3.729404056684871e-07,2.0691742008693842e-07,1.5316442159019061e-07,5.320492846294656e-08,6.648507877571319e-08,8.986767596752544e-08,8.46978593926906e-08,4.536831355039794e-08,2.4199389159207385e-08,5.496879618149817e-10,8.53399910738517e-08,5.5968230050496e-09,7.845546434737116e-09,4.9971634469292425e-11,2.69374371697495e-08,2.2187405690488052e-08,5.017152204800369e-08,1.566214820059031e-07,1.228941073350143e-07,7.179713890081986e-08,5.199032671043824e-08,6.99733035958161e-08,5.059105578908429e-09
1997,1.2243333458172856e-07,5.251113179838285e-07,8.841025191941299e-07,1.758724351930141e-06,1.0164756814035059e-09,8.640043125396344e-10,3.6197434383211664e-08,2.811162005400547e-07,1.8485116015654057e-07,1.603988124543321e-07,6.6021335953792e-08,3.860897024310361e-08,6.946371655658369e-08,6.679351827187929e-08,3.6197434383211664e-08,2.5910908973969533e-08,4.0659026145917205e-10,8.746938107151436e-08,3.6593124086437e-09,7.064505869180948e-09,0.0,1.2794722614728473e-08,1.2807593208208344e-08,3.923596025856568e-08,1.4555581628883374e-07,1.0162738561803053e-07,8.399595685659733e-08,3.93091923456268e-08,5.3598256499753916e-08,2.917122099432845e-09
1998,1.741814941169651e-07,5.476285309669038e-07,8.401898980991973e-07,1.909852926473832e-06,1.486310519105416e-09,1.2300500618067643e-09,3.1061421879030604e-08,2.988687981542171e-07,2.76544483313046e-07,1.740517063808511e-07,7.411149738345557e-08,4.382658858048672e-08,6.484423664687712e-08,7.4154762330636e-08,3.856871444440913e-08,2.5223002353413904e-08,2.0500834363446074e-10,9.520184818256896e-08,4.305175327345978e-09,6.714023115250711e-09,5.1252085908615186e-11,1.4920743751645205e-08,1.5785643014964993e-08,3.034123352563256e-08,1.455406248851432e-07,1.1118888210148725e-07,5.2825534169187456e-08,6.753174375262461e-08,7.67151391301013e-08,4.629264527267196e-09
1999,1.5530017094533832e-07,5.485361498358543e-07,9.238215170626064e-07,1.929711970660719e-06,1.5189297597473224e-09,9.619888219347672e-10,3.780732171776435e-08,3.55903381432654e-07,2.085398165263541e-07,1.6508150224581186e-07,6.109045358471121e-08,5.053690799172728e-08,7.528952039592697e-08,7.683497216248726e-08,5.6385857760687954e-08,3.174644547243588e-08,2.5315496920974567e-10,9.484342911036948e-08,5.417516213412909e-09,6.98707713908675e-09,0.0,1.9135892870281168e-08,1.5644976869566566e-08,4.065668690600433e-08,1.6289357063214993e-07,1.4058527142424282e-07,7.00566786804302e-08,6.833126775518394e-08,7.078422470385703e-08,3.4749485511298417e-09
2000,1.913946903187025e-07,5.329513328433677e-07,1.0669472203517216e-06,1.941923756021424e-06,1.403267502197991e-09,9.677707524247126e-10,3.7623536286446324e-08,3.8538135527232953e-07,2.3623996980859374e-07,2.202355631197861e-07,7.109416344519559e-08,1.2116453262933646e-07,8.614277646756818e-08,9.68493338859844e-08,5.385591350659524e-08,3.678135485074564e-08,4.354968330400055e-10,9.35696462533997e-08,5.177573481063291e-09,9.097044895156614e-09,9.67770724669137e-11,2.5927331392949785e-08,2.2887777006985743e-08,5.4291938056394435e-08,1.6847835127009605e-07,1.6687378945334785e-07,7.376841892892116e-08,4.0644835053171846e-08,4.8118991458068194e-08,4.731382396983008e-09
2001,1.528430288999516e-07,4.7603609232282906e-07,9.389532351633534e-07,1.9256699488323648e-06,1.792792025945289e-09,7.469966867290623e-10,4.1107789172656346e-08,3.572114053440601e-07,2.505256020413072e-07,1.943929959224988e-07,3.939427628552039e-08,4.8270667463157224e-08,5.8163635685559725e-08,7.084206288254792e-08,3.1825383217665155e-08,2.6079685966351466e-08,3.4859845565726744e-10,8.13467835314441e-08,6.7229701805615605e-09,7.021768944071027e-09,0.0,1.43122775853044e-08,1.5736729253035264e-08,3.6403637437842924e-08,1.1805602184722377e-07,1.0085272350579545e-07,6.424817655670267e-08,3.433291695387197e-08,4.1885133583718925e-08,2.7051862971916307e-09
2002,1.848605393206526e-07,4.538075017990195e-07,1.0519514717088896e-06,1.9211565813748166e-06,1.3158079070763051e-09,1.023406137612426e-09,3.0017520913361295e-08,3.144992319903395e-07,2.105229555127153e-07,1.6935530311457114e-07,3.486605137936749e-08,4.8091102655689624e-08,6.258876794618119e-08,7.922594846831998e-08,3.66930592576864e-08,3.0554435426211064e-08,6.33537111660587e-10,9.950584001217069e-08,4.629694405622331e-09,6.676506458802578e-09,4.87336247745329e-11,1.5994409352515504e-08,1.6520699475108813e-08,3.372366919052183e-08,1.2702685125987045e-07,9.4606811273934e-08,5.095169441915459e-08,3.2533566951542525e-08,3.9336391921551694e-08,3.897037803568537e-09
2003,1.662174895500357e-07,5.217505645305209e-07,9.242382930096936e-07,1.7759322190613602e-06,1.0365280855850756e-09,1.0365280855850756e-09,3.1526592891850675e-08,3.6501165823210613e-07,1.9465682044028654e-07,1.865026035829942e-07,6.161856447306492e-08,5.35848521110438e-08,8.18737362351385e-08,9.511914100812646e-08,3.989610064536464e-08,2.7876977171104045e-08,2.355745598592307e-10,9.722506177922696e-08,5.323985252658758e-09,6.407628205806759e-09,4.7114912665735525e-11,1.7606321733865116e-08,1.4417163463065208e-08,3.3875622307277815e-08,1.4054977270916424e-07,9.664554312394102e-08,6.744300407035554e-08,4.822195620590719e-08,5.251540713402392e-08,6.346631664655433e-09
2004,1.489754737349358e-07,4.716320347597503e-07,1.014324652715004e-06,1.8463991864337004e-06,1.0570400110765375e-09,1.1050873549578455e-09,2.85868999583272e-08,3.645004369445816e-07,2.304965533994619e-07,1.70939273402837e-07,2.961411915691769e-08,4.080167315123617e-08,6.14285937672321e-08,6.38348751635931e-08,4.542879494806584e-08,2.8010020969304605e-08,4.804727726792635e-10,8.815402452455603e-08,4.948869314347348e-09,7.735611262660314e-09,9.609454898473756e-11,1.4359931910234993e-08,1.3885662397683518e-08,3.1807296352326375e-08,1.269705336426341e-07,1.1393209575771834e-07,6.210738945355844e-08,4.3802387494906725e-08,5.189962948293214e-08,7.48579154219442e-09
2005,1.653473731266786e-07,5.088310786049988e-07,1.1594133866310583e-06,2.0857980871369364e-06,1.4057494057695408e-09,2.008213373372314e-09,3.519596702972194e-08,3.370277568137681e-07,2.965740861782251e-07,1.8331242301883321e-07,5.699702043671097e-08,5.053477636352e-08,9.789022925588142e-08,7.21617610111025e-08,3.426853467658475e-08,2.593515269211366e-08,6.024640231139242e-10,1.0122897720066248e-07,4.769507011559426e-09,8.534907003365788e-09,1.0041067283195204e-10,1.8687712710629967e-08,1.4760368927113632e-08,3.1980800230257955e-08,1.1377863273764889e-07,1.0046640852579004e-07,6.59580052797537e-08,3.7818598030980866e-08,4.2105320119389944e-08,3.575777007824854e-09
2006,1.79819323875563e-07,5.654425194734358e-07,1.0974680435538176e-06,2.070773234663648e-06,1.932205284660426e-09,1.3376805219067474e-09,3.2092987822807124e-08,4.088272760327527e-07,3.49511594777141e-07,1.663307500621159e-07,4.825251309625857e-08,5.1401265466211044e-08,8.38263360947167e-08,9.314351956390965e-08,4.390467012171939e-08,2.5700632733105522e-08,5.945246517313763e-10,1.126230344539181e-07,5.647984302470377e-09,9.809657086634616e-09,1.4863116293284406e-10,2.0922247045973563e-08,1.7191672085914433e-08,3.8891823095354994e-08,1.2709898555840482e-07,1.2331197751791478e-07,7.493181186646326e-08,5.0362725545483045e-08,5.150443627144341e-08,5.191187479880455e-09
2007,1.679442505064799e-07,5.037938421992294e-07,1.0199725011261762e-06,2.151251919713104e-06,1.4577368201429404e-09,1.1661894783188131e-09,3.2202407851400494e-08,4.603815568771097e-07,2.37641941680522e-07,1.893349548254264e-07,6.559537268913118e-08,4.9353506170746186e-08,7.389463263507423e-08,7.83628166800554e-08,5.3205933880917655e-08,2.5618614785116733e-08,2.429561551942072e-10,9.566274172811973e-08,6.365450833101249e-09,9.232333120223757e-09,0.0,2.374702745555624e-08,1.4091456002063296e-08,3.2847669473312635e-08,1.1875818017870189e-07,1.805442479962949e-07,6.764653903701402e-08,4.8189388479613626e-08,5.2576275777482806e-08,3.3948850841625244e-08
2008,1.79659650711983e-07,4.980720973435382e-07,9.673435670265462e-07,2.050530838459963e-06,8.200404799652006e-10,4.100202399826003e-10,2.8709870036891523e-08,4.753402436108445e-07,1.9933622752432717e-07,1.7128380136455237e-07,4.276555642945824e-08,4.631088756923418e-08,8.598701128903485e-08,7.414173097686216e-08,6.236316352214999e-08,2.55263827853014e-08,4.6127276998042527e-10,1.052378379995389e-07,5.586525908540807e-09,8.456667366374404e-09,5.1252529997825036e-11,1.4307402373958666e-08,1.2454364650693606e-08,3.859315356180559e-08,1.4429497241508218e-07,1.285182520405215e-07,7.392014822471539e-08,3.647604529533055e-08,4.106842510509523e-08,1.218707534889063e-08
2009,1.618279696913305e-07,5.233059710008092e-07,1.1351838793416391e-06,2.0272043457225664e-06,8.622073055519761e-10,1.2933110138391155e-09,3.3021795076138005e-08,4.507396056396829e-07,2.501871847471193e-07,2.052817791309281e-07,4.293872990501768e-08,4.4296662338183523e-08,7.796951706495747e-08,9.130918954269873e-08,3.5827895317197545e-08,2.060309789442272e-08,3.233277534597789e-10,9.39041626679682e-08,3.8260448143034864e-09,6.628218862658741e-09,0.0,1.9542488516322013e-08,1.3849204449911669e-08,3.4865507814174634e-08,1.143471948239494e-07,2.0682701062924025e-07,9.121554001012556e-08,3.2463880472732853e-08,3.7832254662362175e-08,8.28806445696273e-09
2010,1.2199413390590053e-07,5.22961784099607e-07,1.006603042696952e-06,2.3143020371207967e-06,1.3365409889942723e-09,8.553862618221331e-10,2.6485288628919086e-08,4.002190223673097e-07,2.518603707812872e-07,1.806854754704545e-07,3.6286152749198664e-08,3.609983068031397e-08,6.223046966624679e-08,6.185880607745275e-08,3.320618091606775e-08,2.2638086960569133e-08,2.6730820334996963e-10,9.289765046105458e-08,4.490777971710713e-09,7.645014399315642e-09,1.0692328272776663e-10,1.364091950506463e-08,1.1975407332442956e-08,3.2718524778374565e-08,9.767915543079653e-08,1.215749136918021e-07,6.674974883935647e-08,2.5514649948377155e-08,3.176243268399048e-08,2.748245186978693e-09
2011,1.661121586948866e-07,4.822529149350885e-07,1.059250735124806e-06,2.247953716505436e-06,1.3074853422168076e-09,1.0459882959779063e-09,2.8635922078024123e-08,3.191053963291779e-07,2.357750474857312e-07,1.9280713559055584e-07,3.7254103801842575e-08,4.2053713400491695e-08,6.073547353935282e-08,5.0784429106442985e-08,2.8392003414978724e-08,1.6501511268529612e-08,5.75293590543424e-10,8.063914691547326e-08,4.863845770586295e-09,6.6420255961929805e-09,1.5689824439668598e-10,1.5269240094539782e-08,1.3231751694320336e-08,2.2645647135277613e-08,7.80736328920284e-08,9.992327676400237e-08,5.590401030985959e-08,2.2544586641970454e-08,3.014821103874965e-08,2.1026855812067424e-09
2012,1.273598400075571e-07,4.790340994986764e-07,8.939629196902388e-07,1.97491453945986e-06,1.0737235545121844e-09,9.203344752961583e-10,3.4783788294134865e-08,3.321266035527515e-07,3.3664645116004976e-07,1.6569501326557656e-07,3.997572051162025e-08,3.763208411555753e-08,5.476748654587028e-08,5.74525422791794e-08,2.573928803428771e-08,1.905040569738503e-08,3.451254282360593e-10,1.0242091974532741e-07,6.480688430343662e-09,7.439370452999583e-09,1.1504180941201979e-10,1.3262883236109246e-08,9.97029037108632e-09,2.5117461888157777e-08,1.0830942898110153e-07,9.133481171375024e-08,4.422774324552847e-08,2.6134978625691474e-08,3.192386799355518e-08,5.859087881532332e-09
2013,1.397225162236282e-07,4.913103452963696e-07,1.024434595819912e-06,2.165189471270424e-06,1.1662038001958304e-09,9.028674474720331e-10,3.013688143482796e-08,3.396266095023748e-07,2.4227114181485376e-07,1.8935342893655618e-07,5.232610078564903e-08,4.719866808500228e-08,6.06596799457293e-08,6.52761542596636e-08,3.083855304453209e-08,1.7058571444295012e-08,4.1381426063580307e-10,9.12526516572143e-08,3.611469789888133e-09,5.9814966313354034e-09,3.761947697800139e-11,1.0875940148480367e-08,9.292010716421828e-09,2.253406705676753e-08,9.863732941539639e-08,9.81771748342908e-08,4.5818204341685493e-08,4.764671501789053e-08,5.430953464724553e-08,1.0583544707287729e-08
2014,1.3671960630290414e-07,4.653554697142681e-07,9.56809003582748e-07,2.2229680780583294e-06,1.0427160246351264e-09,8.689299835218376e-10,2.4176442181556013e-08,2.811995898355235e-07,1.863632093090928e-07,1.821406385715818e-07,3.1345841478014336e-08,2.9177501303934157e-08,5.09490121203271e-08,5.0024006270632526e-08,2.5799021585726223e-08,1.9591151811937383e-08,3.4757199895985025e-10,9.329834682603176e-08,5.9087241766064835e-09,6.039063471519057e-09,2.606790061587816e-10,1.0222254154257372e-08,7.1686723224217985e-09,2.6676151065885282e-08,1.1324826942882282e-07,8.121768502178385e-08,4.3823312978474866e-08,1.0864516042374817e-07,1.2291043560708204e-07,3.058502073827185e-08
2015,1.436949332855875e-07,4.81273389141279e-07,1.0011755193772842e-06,2.3663430965825683e-06,1.0997107668941908e-09,5.99842231441272e-10,2.4985732594018373e-08,3.805133133027994e-07,2.2077922778862566e-07,2.016286657635647e-07,4.3121627157916016e-08,3.3392968390444366e-08,4.5628151923438054e-08,4.680274301449573e-08,2.7694467163996705e-08,1.6170609740129294e-08,2.4993426772645927e-10,8.57454338643038e-08,4.748750725980244e-09,5.898448396379763e-09,2.9992111572063607e-10,1.3590370606664235e-08,9.547489021599633e-09,2.7192847085188987e-08,9.145816903810557e-08,1.4273084047999873e-07,4.7284792970003764e-08,8.909413651281284e-08,1.0395933003337632e-07,1.4855926266932329e-08
2016,1.811810221852284e-07,4.939035420647997e-07,1.2171917660452891e-06,2.5141284822893795e-06,1.004938909865416e-09,1.004938909865416e-09,4.02370758934012e-08,3.883831709572405e-07,3.003148947300361e-07,1.9749151647374682e-07,3.379803814596016e-08,4.741814052522386e-08,7.138836366493706e-08,8.693326236652865e-08,3.947619831023985e-08,2.1733315591632163e-08,6.699593102510446e-10,1.1305768055080989e-07,5.311819872844126e-09,8.565907982927001e-09,9.570846892792416e-11,3.6880255294136084e-08,1.4404125003864012e-08,3.158379513479304e-08,1.4284294991284696e-07,1.2943303318024846e-07,6.473753444424801e-08,6.488095749546119e-08,7.044845062864624e-08,2.0177932213982785e-08
2017,2.111154486783562e-07,5.17368619057379e-07,1.1491258646856295e-06,2.510629201424308e-06,1.157527851347595e-09,6.48215592313761e-10,3.5050089053356714e-08,4.584616704050859e-07,4.232078936183825e-07,2.2743964223082005e-07,3.232272760556043e-08,4.2092821672667924e-08,5.65393882823173e-08,4.7466372166127264e-08,9.843486026284157e-08,1.6405616420911432e-08,3.2410779615688057e-10,9.735173023273093e-08,4.722713331517525e-09,8.565705478247311e-09,1.3890333327992718e-10,1.5120495078235763e-08,1.139007377304324e-08,2.7549161174533765e-08,1.156127780177485e-07,1.961753497425889e-07,5.308417527771781e-08,5.911231326649613e-08,6.711073297083203e-08,3.529446246375301e-08
2018,1.84079965492856e-07,5.604985062745982e-07,1.0897852007474285e-06,2.711760316742584e-06,1.0604025435512199e-09,7.574303961810356e-10,2.9624569464203887e-08,4.412342207160691e-07,3.578029179607256e-07,1.980220645236841e-07,5.3909445796307416e-08,5.78929046923804e-08,6.868371116297568e-08,5.4794661252799415e-08,4.471989001331168e-08,1.5225657179485097e-08,6.564396803909742e-10,8.75056898053117e-08,5.352508214429008e-09,8.584211563800181e-09,1.0099072272895524e-10,1.721810072297103e-08,1.2270373161982208e-08,2.8378392968875232e-08,1.4619286048400681e-07,1.472993744755513e-07,6.33812220485197e-08,4.372865802793058e-08,5.207886033531395e-08,2.2838484881049226e-08
2019,1.775660365410659e-07,5.374471925279067e-07,9.69583993537526e-07,2.2083377189119342e-06,1.2746589339585055e-09,8.667681017371364e-10,2.38864643620218e-08,3.33148989284382e-07,2.2681531675061706e-07,1.9395261574572944e-07,7.212780417376052e-08,3.6623553967274354e-08,5.0013774455237594e-08,4.454821223021099e-08,2.8558867271044626e-08,1.889381451292138e-08,9.17754428009232e-10,8.334039591773036e-08,4.690744681568049e-09,4.792717778201449e-09,2.0394542998847243e-10,1.5209145942662872e-08,1.0707134734389e-08,2.279090161039221e-08,8.833529818730312e-08,9.746879925387476e-08,4.2757328344578134e-08,4.3447386133266264e-08,5.049055218364629e-08,1.6476121800224064e-08
