,David (Donatello),Judith and Holofernes (Donatello),Gattamelata,David (Michelangelo),Sistine Chapel ceiling,Pietà,School of Athens,Sistine Madonna,Transfiguration (Raphael),Mona Lisa,Last Supper,Vitruvian Man,Venus of Urbino (Titian),Holy Trinity (Masaccio)
2015-07-01,6626,1687,1357,74712,40030,33160,25460,11729,2546,204101,2648,58486,6520,2700
2015-08-01,7421,1896,1409,69907,40551,38064,27224,12630,5080,232240,2470,62633,6593,2209
2015-09-01,15204,2682,3015,80021,54069,50130,47792,9973,4980,248219,3023,72200,21681,5251
2015-10-01,15206,2862,13475,75876,53938,45236,44651,10040,5207,241181,3520,71942,9948,6271
2015-11-01,13511,2649,2402,73287,145787,43768,42712,9162,3622,232281,3081,72235,9956,4999
2015-12-01,12279,2088,2127,62527,50070,43560,38144,9685,3130,324840,3483,69598,9544,4794
2016-01-01,12502,2142,2261,66560,52340,40215,43074,10041,3626,253940,3511,71550,8322,4213
2016-02-01,14768,2108,2604,67643,54750,43568,42387,9010,5166,239070,3447,65660,9999,6559
2016-03-01,14157,2250,2591,82106,66896,61790,40821,8970,4512,256243,3655,69714,10192,5623
2016-04-01,13325,2812,2314,76676,58283,46443,40779,8098,4105,271417,3024,70540,9954,4427
2016-05-01,12111,2352,2513,83609,58304,47921,37794,7845,3892,247884,2856,66576,9313,4274
2016-06-01,8621,1962,1841,72345,45942,36104,28281,5860,3333,211676,2498,62820,6517,2842
2016-07-01,6414,1812,1322,74254,41562,34600,23572,5695,2832,192076,2028,55937,5701,2652
2016-08-01,7323,2005,1439,91754,44476,57508,30335,6716,3297,242834,2345,64683,6062,2144
2016-09-01,14370,2560,3285,93315,57587,48718,61841,11090,6680,253813,2663,78681,7457,5279
2016-10-01,14581,2866,3133,99663,60627,50286,48142,10889,6395,289677,3229,87097,8851,5958
2016-11-01,12465,2466,2680,88824,53375,44708,41531,9060,5475,277292,2442,76633,8036,4770
2016-12-01,17037,3541,2219,81245,71632,44685,38963,8489,3936,271767,2370,71603,8119,4193
2017-01-01,15381,2773,2588,79141,57688,49297,43071,8282,6004,307893,2529,73865,10210,4141
2017-02-01,16002,2457,2542,80986,55136,43812,41889,8281,5625,253958,2182,69104,9729,6107
2017-03-01,16827,2666,2656,93117,60704,49559,44616,8341,7057,273945,2530,75924,9737,5629
2017-04-01,13658,2495,2406,87329,62455,50010,39088,7091,4292,240110,2506,75362,9302,4457
2017-05-01,14161,2599,2101,122062,54587,47691,39657,6975,4770,257166,2113,70710,7925,4169
2017-06-01,9450,2306,1836,89668,43038,38058,27737,4844,5064,203622,1878,56995,6539,2978
2017-07-01,8794,1946,1407,90672,48635,39924,25329,5032,2972,211741,1591,61214,10629,2246
2017-08-01,10927,2278,1685,89314,42200,38043,30623,5825,4948,234795,1634,63903,5476,2163
2017-09-01,14145,2730,2932,102260,50909,46352,48698,8666,6515,259629,1652,68094,6132,4883
2017-10-01,15361,2958,3355,95865,54010,45864,49080,9092,6793,291891,2176,85148,9117,5588
2017-11-01,12511,2547,2353,89744,59432,42378,45657,7913,5300,331584,3317,109651,9100,4116
2017-12-01,10803,2116,1949,76154,48908,38369,38704,7423,4099,243997,2551,70726,8655,3853
2018-01-01,11637,2227,2060,88493,52363,42500,43299,7390,4717,281664,2363,73833,8614,3770
2018-02-01,13421,2474,2203,80197,47660,38729,44272,7013,6380,262241,1787,64206,9864,5323
2018-03-01,14585,2923,2711,97517,52646,60365,48154,7173,5682,286945,1756,75297,10847,5217
2018-04-01,12643,2500,2270,94441,53213,43869,45593,8432,5140,266865,1861,69333,10432,3970
2018-05-01,14566,2775,2321,107269,55812,49550,45473,7264,4812,294751,1636,69329,9873,4157
2018-06-01,10633,2107,2147,114353,43203,39640,31888,5540,3586,273691,1388,64913,7394,2683
2018-07-01,9279,2164,1825,93281,43014,44316,28914,5478,3405,265180,1250,64852,6821,2590
2018-08-01,10186,2311,1913,99075,45483,41029,34225,6102,4450,279813,1347,69571,6633,4228
2018-09-01,15450,3304,3527,105192,49708,49280,49165,8086,6247,281928,1416,70618,7819,4563
2018-10-01,16808,3324,3318,105197,58755,46598,49387,8530,5973,261931,1515,69135,9798,5803
2018-11-01,13055,2723,2447,109647,57461,40437,50576,7832,4668,243018,1213,64147,8288,4437
2018-12-01,11071,2261,2134,86834,50848,38809,36413,8061,3888,220580,1371,60873,7157,3488
2019-01-01,12741,2540,2430,89025,46224,46199,39820,8296,5931,270049,44827,71879,6885,3694
2019-02-01,15188,3824,2614,81151,53213,38950,42067,7844,8376,220271,82350,62456,7659,4947
2019-03-01,14648,3375,2427,84390,54765,42677,42308,7387,6695,248207,102917,65256,8945,4722
2019-04-01,12531,3055,2253,94380,58147,67072,42049,6746,4951,246038,117943,74414,7935,3739
2019-05-01,13618,3029,2378,102513,46085,43776,38198,6517,4654,248897,96469,76209,7195,3475
2019-06-01,9644,3207,2100,86304,38602,37464,29675,8671,3518,186263,73723,61708,5577,2684
2019-07-01,9286,2628,1907,110523,42990,34721,25878,4768,3098,193594,75140,57251,5668,2374
2019-08-01,8729,2441,2022,91837,41257,39160,30984,5609,4031,204042,80597,59325,5223,2118
2019-09-01,13325,2942,3309,114240,43834,48066,45175,7424,5930,218034,90665,62421,5946,3927
2019-10-01,14074,2998,3113,108123,48439,46292,46775,7498,6688,217024,99490,86471,6995,5117
2019-11-01,11146,2588,2434,100242,47516,47530,38589,6753,4874,206283,89244,64090,8475,3550
2019-12-01,9673,2300,1942,91482,41586,36309,33419,6134,3947,170482,81236,52577,8440,2968
2020-01-01,11087,2760,2315,102324,46886,42898,45726,6557,4420,189898,82263,56165,8942,3137
2020-02-01,11635,2713,2497,101271,43015,39385,44846,7404,5547,190267,86581,56495,10833,4913
2020-03-01,11260,2268,2524,90794,48454,39864,57107,6529,5533,202782,95251,56320,11238,4413
2020-04-01,12814,2474,2650,108527,59631,53669,46978,8146,8295,275661,167489,78569,18139,4201
2020-05-01,19609,2961,2470,108475,55491,44853,39632,7263,5435,250331,103955,73200,11385,3772
2020-06-01,9909,2265,2192,102721,38251,38301,29666,4948,3520,202115,81452,58623,7446,2931
2020-07-01,9440,1869,1748,84040,36677,37020,30135,5109,3084,194202,79243,57926,7702,2135
2020-08-01,7661,1859,1447,76690,37974,34066,32618,5057,4403,206011,72158,58613,7445,2126
2020-09-01,11359,2188,2357,91155,43055,58885,51165,6859,4017,223841,85631,59886,7321,4424
2020-10-01,14074,2815,2658,104775,47583,64035,47846,7743,5850,234714,93901,65115,8786,5710
2020-11-01,13857,1871,3072,92452,46277,56007,40760,8321,6343,224477,92501,60631,8465,4710
2020-12-01,11232,1829,2376,87847,42370,51248,37257,8456,5605,221803,100054,58812,7541,3406
2021-01-01,14360,1861,3864,93843,44242,83135,40377,8761,18946,263974,101439,64583,7350,3470
2021-02-01,16448,1940,4401,92058,44892,73353,42625,8823,19698,247452,94950,61726,10243,6675
2021-03-01,14742,2420,3732,106214,50328,67535,48544,8999,10923,270916,123145,65609,9456,5375
2021-04-01,10399,2135,2583,94308,52491,66226,39946,8202,7075,267462,156863,72265,8435,3926
2021-05-01,10352,2200,2488,90343,47059,53140,37859,7609,6304,253364,147159,67928,8112,3654
2021-06-01,8109,1609,2056,79219,38766,45853,29159,5598,4576,204614,89219,51122,6432,2508
2021-07-01,8280,2212,2064,81773,37232,40729,26449,5830,4202,204200,85035,55208,6509,2006
2021-08-01,8368,2330,1776,82983,36113,41982,30461,6150,5563,216665,85445,51281,6258,1848
2021-09-01,12008,2552,2250,101585,41304,49112,42423,6763,5314,236500,90869,55881,6156,4061
2021-10-01,13285,2428,2423,103811,45477,55829,41940,7410,5954,230493,93341,57125,6622,4770
2021-11-01,12347,2359,3203,88054,42537,56365,37452,7442,8122,232818,92822,51447,6735,3559
2021-12-01,11964,2042,3097,79790,39156,58327,31571,7865,10163,302825,87528,56194,5699,3151
2022-01-01,11963,2368,2644,86354,40860,62022,34078,7374,8670,334112,102924,57835,6746,3099
2022-02-01,13185,2116,2598,86462,40642,58898,35212,7257,8111,217896,80340,51643,7024,5101
2022-03-01,12456,2576,2584,89929,44141,58548,34907,7299,7066,230767,94331,55236,6927,4276
2022-04-01,11613,2469,2218,96723,47499,65116,36206,7625,6326,206414,117519,54962,6993,3298
2022-05-01,10909,2269,2130,103381,47615,57914,35462,7166,6040,329511,91221,59785,6625,3341
2022-06-01,8604,2201,2196,92447,39071,51396,27841,6373,4837,249138,83448,50296,5672,3267
2022-07-01,8199,2143,1646,97158,43688,47450,27428,6239,4349,198260,85509,51383,5460,2403
2022-08-01,9140,2245,1808,106288,45191,52990,31578,7455,5573,213328,86232,58857,5945,2081
2022-09-01,14009,2634,2149,113680,47306,62490,46170,7279,4904,243247,112008,75129,6194,3976
2022-10-01,13163,2883,2211,115151,47453,68180,41014,7835,5627,250269,108099,62184,6651,4254
2022-11-01,13857,2522,3002,116425,47921,70723,39834,10113,8539,242086,101182,56847,6874,3867
2022-12-01,11372,1920,2387,94575,44006,65308,33629,9468,6957,321619,94404,51573,6032,3315
2023-01-01,12878,2202,2896,108236,49855,63938,40100,10589,8447,323487,108295,60310,6307,3778
2023-02-01,13834,2256,2487,104161,45375,54735,38513,9336,7122,237660,103323,52594,6247,4764
2023-03-01,16915,3495,2403,264556,56060,78355,43632,8844,7714,263342,133852,63483,7145,4339
2023-04-01,14624,3021,1970,181207,48111,78358,38694,7865,6009,226792,142411,63081,7573,3776
2023-05-01,13869,2687,2250,135253,46599,65074,36634,7640,5727,262093,115184,57518,7079,3954
2023-06-01,11641,2319,2372,121401,44869,56745,31377,6510,4453,220989,86982,52374,6062,3436
2023-07-01,10187,2254,1813,118936,43177,62746,28893,7244,4628,235690,87162,53251,6245,2445
2023-08-01,10881,1967,1542,111463,43336,54591,32227,7162,7154,240992,87986,55563,6307,2322
2023-09-01,12442,2337,1950,139164,47076,67176,41684,7918,5832,260655,100908,60203,8407,4572
2023-10-01,12904,2349,2072,127902,53208,72175,40982,8386,7663,289489,110446,59224,15387,5112
2023-11-01,13252,2113,2769,111821,48646,65370,36920,8601,8063,242990,98288,54011,10225,3814
2023-12-01,10569,1781,2302,99902,43398,62307,33965,8722,6682,224564,92566,54213,8589,3422
2024-01-01,13273,2165,2758,115380,51077,72306,41038,9709,8368,372660,148339,63582,9516,4128
2024-02-01,12043,1992,2051,136293,50502,60354,40068,9044,8109,273158,109737,58751,8922,5231
2024-03-01,14697,2241,1914,181880,54845,76239,39736,8467,6370,271609,190750,62141,8293,4462
2024-04-01,11910,2337,1749,143768,53393,62209,41179,7484,5731,257014,105555,59297,8685,3761
2024-05-01,10824,2365,1840,133269,50835,68711,38066,7586,5686,242210,93912,56153,9054,3769
2024-06-01,8954,1967,1421,100208,40226,50535,29082,6195,4130,174477,71555,46605,7341,2688
2024-07-01,7953,1788,1177,96942,41061,55834,28558,5959,4152,202252,263881,50292,6707,2048
2024-08-01,8653,1907,1265,101454,42921,57058,31827,8247,5189,220355,140947,56358,6858,2227
2024-09-01,6444,2239,1647,108842,46470,56885,43975,9259,5441,220573,98807,55403,7908,4034
2024-10-01,341,2307,2301,110912,47273,69980,42528,10758,7390,271077,94798,59523,9524,4552
2024-11-01,220,2228,2241,101354,49359,60609,45566,10541,6987,248833,115747,66452,9471,3748
2024-12-01,163,1761,1447,91668,48187,72599,35959,9878,6111,217362,122375,55217,8689,3012
2025-01-01,313,1909,1557,83092,47319,63334,45739,9218,5559,303141,99584,58542,9951,3635
2025-02-01,307,1706,1516,72493,39569,58154,39976,7642,6108,220116,85137,47558,10460,4445
2025-03-01,249,2000,1617,84262,44436,58574,41611,8410,8075,220863,99410,52423,11779,3923
2025-04-01,193,1908,1818,82260,59224,67486,41554,9532,6431,208228,127566,51568,10772,3156
2025-05-01,236,2136,1612,94631,80520,64902,39656,8656,6730,193918,92056,72305,9576,3171
2025-06-01,135,1938,1325,72896,33836,45862,28782,6424,7485,157226,79522,42621,8225,2542
2025-07-01,174,1759,1163,71768,34539,51714,31160,6891,4965,158881,76139,56523,9028,1959
2025-08-01,155,1769,1008,67426,65412,46286,35276,7270,6151,200384,79133,51157,8465,2207
2025-09-01,247,2036,1715,73795,40785,47486,48206,8962,6965,188236,85922,47534,8968,4132
2025-10-01,182,2080,2129,68480,41890,46501,44865,8799,7363,267032,89515,50194,10117,4220
2025-11-01,192,1788,1827,58721,35536,44101,42160,7967,6147,170578,79578,45600,8898,3739
2025-12-01,177,1594,1371,51884,29920,42392,34656,8272,6124,152040,73343,39439,8740,3114
2026-01-01,219,1614,1338,57325,36505,46661,40087,15400,6881,158834,82346,45767,9798,3641
2026-02-01,240,1706,1297,52929,33626,41283,37218,7656,7774,151306,83661,55177,9175,4389
2026-03-01,208,2084,1468,62871,34979,48964,39104,7812,12088,160602,94431,43126,10720,4209
2026-04-01,153,1901,1386,62914,35041,56223,39342,8947,8236,141873,101952,42651,10777,3857
2026-05-01,183,1953,1572,68163,36168,48354,36992,24460,6966,185478,88655,47548,10110,3916
2026-06-01,154,1490,1076,58981,29331,38779,29860,8323,5538,133005,64199,39334,8513,3010
2026-07-01,209,1622,887,58059,28040,36061,26008,6074,4143,122571,69805,40136,7615,2155
2026-08-01,237,1615,1026,58940,28861,40845,32819,7107,5467,129128,80231,38051,7757,2550
