,Leonardo da Vinci,Michelangelo,Raphael,Donatello,Titian,Tintoretto,Mantegna,Masaccio,Andrea del Sarto,Luca della Robbia,Verrocchio,Ghirlandaio,Perugino,Lorenzo Ghiberti,Botticelli,Fra Angelico,Giovanni Bellini,Leonardo (TMNT),Michelangelo (TMNT),Raphael (TMNT),Donatello (TMNT)
2015-07-01,263884,129417,74909,25940,27039,7879,4739,6328,3091,1329,4469,4102,2919,5663,24710,6961,6251,30571,25565,30451,33673
2015-08-01,283849,141230,65832,31534,31135,7871,5152,8502,2828,1495,4882,4151,2508,5468,27371,8224,7078,33946,27268,33520,34357
2015-09-01,365331,181956,171530,45722,33538,8807,6192,12857,3175,2016,6192,4855,3453,8555,38266,10131,8591,33887,28553,33948,33422
2015-10-01,395512,181178,87365,41639,37255,9018,7038,11934,4201,1927,8122,5185,3912,9070,35708,10615,9915,37411,32204,37493,37422
2015-11-01,425761,172369,105045,47679,33934,9259,6892,10947,4235,1819,10118,5213,3758,8517,34963,9862,8933,25379,20930,24726,24302
2015-12-01,413439,150454,70050,32219,28099,8679,5823,10027,4171,1946,7396,4845,3297,7006,32796,8856,8270,28109,23336,27569,28332
2016-01-01,418052,161558,76282,36080,30633,8626,6545,9756,3460,1737,6843,5040,3268,11121,36453,10351,8244,22768,19789,24233,24006
2016-02-01,366649,159944,74201,33566,30474,8408,6799,10515,2902,1768,6878,5226,3492,8565,36673,11244,8528,23528,20163,23862,23477
2016-03-01,376098,188562,93360,33111,33345,9282,7021,9741,2895,1873,6704,5326,3639,8099,45601,9963,8753,24252,21530,25406,24780
2016-04-01,391692,161627,73101,32972,33157,8488,6468,8891,2783,1728,6841,4964,3312,7559,39179,8882,8835,24256,21259,24615,24176
2016-05-01,389373,163428,71673,37058,33384,10077,6242,8927,2669,1875,6892,4901,3176,7251,38813,8634,8918,35260,30450,33603,33762
2016-06-01,288063,127837,59320,28391,22740,7543,4762,6474,2104,1683,5051,3912,2650,6516,26867,6676,6786,48307,40751,46531,45576
2016-07-01,243386,111072,49373,20631,22303,7095,4156,6574,2518,1517,4728,3667,2359,5283,23129,57876,5916,25551,22479,24915,24287
2016-08-01,272222,126175,62148,25513,24080,8378,4869,8403,2288,2404,5275,3619,2639,4999,32213,8750,6283,23418,20425,22709,22291
2016-09-01,348170,163702,78197,41073,27580,8434,6261,10647,2658,2211,6298,4853,4086,8236,35524,9328,7975,28834,25111,28801,27236
2016-10-01,372526,172285,91351,37203,34008,8508,6735,11254,3153,2571,6977,4998,4254,8461,43899,9867,8374,34341,30236,33509,32027
2016-11-01,360340,161601,81495,35529,30823,8385,6679,10624,2716,2312,6273,4916,3686,7542,36769,8701,8170,23536,20722,23300,22256
2016-12-01,340076,173802,73012,67167,26954,11209,6347,9388,2700,2017,6230,4965,3280,8291,38489,8427,7713,24883,22330,23687,23855
2017-01-01,386567,176422,73624,51564,30469,8681,6646,10043,2733,1918,6553,5366,3360,8146,39383,8882,7917,21394,19129,20477,20752
2017-02-01,358147,164243,67869,38183,31192,8460,7082,10817,2619,2489,6488,5043,3752,8085,44896,9925,8293,19287,16765,18861,17970
2017-03-01,374039,185614,72241,38158,34721,9068,7143,10051,2904,2279,6890,5231,3822,8251,40129,9131,8054,21918,19289,21435,20803
2017-04-01,351953,167309,76105,34225,30286,8656,6796,8624,2608,2064,6557,4564,3485,7117,34236,8004,7513,17931,15431,17329,17145
2017-05-01,360036,167294,67783,34254,29097,8631,6554,8525,2495,2094,6297,4254,3494,6926,38252,7352,7560,17772,15238,17173,17328
2017-06-01,262536,128907,52141,24233,21802,7193,4945,5956,2162,1524,4690,3563,2553,6095,27206,6025,5910,15333,12935,14887,15005
2017-07-01,242861,128300,50053,22934,20700,7278,4421,6278,2457,1397,4639,3475,2588,5569,25205,6406,5882,15360,13275,14812,15545
2017-08-01,271127,124634,54208,26580,28875,7378,4666,7434,2356,1454,4617,3562,2637,5126,29316,7350,6395,14108,11851,14074,13933
2017-09-01,317289,157839,69032,38858,31721,7787,5861,9775,2654,1775,5457,4236,3055,6931,31712,7470,7095,13417,11737,13924,14958
2017-10-01,397376,170850,87224,37042,33986,9275,6750,11077,3161,2417,6909,5340,4144,8166,37084,9368,8179,17081,14251,17814,16764
2017-11-01,550456,183687,87155,34444,36361,9432,6648,9725,3201,1887,9075,4978,3743,7071,32516,8193,8371,18711,16225,19224,20042
2017-12-01,332396,148083,69726,28427,25354,7933,5364,8535,2353,1618,5954,8345,3392,5618,29201,8975,6784,14641,13162,14706,16466
2018-01-01,359100,175500,68510,32417,28904,8719,6028,8774,2483,1608,7057,5097,3663,6255,33569,7613,7545,14906,13316,14947,15964
2018-02-01,320867,160166,64387,29237,27535,8339,6158,8249,2317,1584,6405,4487,3400,6437,34749,8554,6784,17900,15215,18331,18094
2018-03-01,348894,186760,69130,31368,29617,10684,7039,9054,2471,1660,8039,4823,3995,6556,34487,8674,6945,15349,12868,14845,15014
2018-04-01,348678,169589,67131,29645,29433,9930,5962,8267,2561,1630,6883,4639,3175,6156,31949,8118,6789,14205,12153,14856,14026
2018-05-01,366983,186110,67753,35618,28918,9625,7379,8901,2467,1842,7108,4931,3712,6946,34142,8968,6978,15022,13796,15975,15727
2018-06-01,282207,139004,52266,24161,21204,8147,5911,6238,2097,1554,6016,3827,2640,6283,25764,6688,5783,13890,12415,14376,14062
2018-07-01,262171,139019,57635,23293,20365,7590,4926,6766,2295,1351,5528,3554,2554,5758,24328,7201,5232,15514,13738,15348,17564
2018-08-01,286974,144466,54703,26784,25664,7518,4832,7091,2024,1464,5563,3639,2709,4685,25381,7106,5287,14887,12906,14797,14773
2018-09-01,336934,161503,66320,35832,26921,9755,6425,8667,2309,1388,5997,4147,2959,6547,31106,7675,8610,14330,12678,14557,14269
2018-10-01,350639,171233,71125,36376,26457,10036,8137,9500,2555,1562,6527,4562,3208,7107,34113,8596,8064,16763,15246,18104,17074
2018-11-01,325843,162748,63369,29053,27527,10052,7355,8660,2469,1637,5926,4513,3212,6228,33008,23021,7357,13151,11377,14108,13238
2018-12-01,285236,146882,58673,26603,24125,9132,6884,7624,2052,1554,5248,4525,3012,5559,30456,11380,6691,13406,11970,14516,13553
2019-01-01,356643,149066,66558,31387,27787,10500,8075,8008,2502,1549,6302,4857,3338,7873,53278,9643,7579,13521,12372,15113,12966
2019-02-01,339966,160827,60337,34104,26827,8695,5933,7791,2244,1418,6637,4464,3334,6559,87922,8937,6249,11388,9895,12336,11600
2019-03-01,336293,154427,63418,28779,28401,12092,7205,8386,2488,1566,6807,8057,3599,6665,52702,8079,6982,13031,11155,13677,13113
2019-04-01,375518,151829,64107,25193,28450,15301,7718,10105,2333,1411,6497,4238,3391,6893,38142,9962,6689,12686,11176,13268,12970
2019-05-01,448290,157362,67776,27758,30041,14553,6071,7065,2212,1617,7227,4137,3148,5682,37212,7625,6505,13640,11978,14566,13482
2019-06-01,272902,121779,51835,20777,20883,10069,4929,5447,1797,1362,4504,3462,2489,5196,29150,6232,5546,12061,10712,13168,12730
2019-07-01,260313,119065,49481,19998,20742,7967,4397,5245,2367,1322,4121,3319,2469,5664,26692,6440,4507,12864,12463,13617,12936
2019-08-01,249728,126217,55602,22207,20732,7168,4480,5709,1889,1216,4107,3345,2582,3856,28867,6827,5023,11813,10662,12954,12099
2019-09-01,279099,148484,67244,30768,25811,8907,6579,7465,2134,1481,6033,3818,3347,5654,31631,7904,5399,11017,10342,12275,11614
2019-10-01,355475,158056,62354,30076,25792,8149,7284,7924,2385,1597,6931,4331,4001,5958,34524,7688,6348,16036,14522,17383,15745
2019-11-01,304868,146100,56719,25922,24849,8063,6427,7133,2149,1339,6910,4194,4158,5119,34619,7671,5894,14500,13552,16043,14645
2019-12-01,235948,116400,48331,20699,21104,7031,5268,5967,2033,1313,6499,3734,2714,4451,28314,6874,5248,13134,11574,13865,12950
2020-01-01,261172,130672,56987,24931,23389,7547,6711,6897,1994,1386,6813,4847,4377,5754,31118,6989,5341,15937,14265,17392,15879
2020-02-01,248013,124058,58961,22588,24788,7613,5865,6273,2237,1297,5335,3894,3778,5428,30366,9016,5452,11224,9742,12886,10925
2020-03-01,257896,133370,59912,22580,25437,8216,5857,6125,2129,1320,5500,3864,3239,5390,33505,8558,5563,11116,10026,13248,11479
2020-04-01,316377,155909,78837,26095,35850,9499,7459,7492,2406,1616,6705,4603,3972,5502,42147,9097,6272,13297,12711,16928,13877
2020-05-01,310213,166960,59317,38727,26342,10485,5401,6177,2212,1296,7587,4686,3087,5426,121173,7094,6039,11610,11498,14300,12292
2020-06-01,221906,113429,51640,22722,19200,6181,4110,4385,1673,1078,4845,3218,2244,4517,48892,5548,4930,10867,10578,13954,11653
2020-07-01,209362,105899,52253,19458,21210,6161,3699,3964,1940,968,3968,2951,2130,4037,37675,4815,4495,12088,12747,15730,15904
2020-08-01,230980,106299,48885,19294,21876,6231,3678,4195,1705,1056,4079,2927,2440,3460,32373,5250,4444,12253,11802,15165,13675
2020-09-01,249446,125310,52094,22960,22239,7648,4423,6303,2002,1128,4359,3244,2596,5064,37614,7656,4922,10530,10302,13043,11579
2020-10-01,268122,141193,56163,24427,29679,7567,4952,6847,2120,1192,5118,3578,3050,5847,36239,7305,5374,12478,13995,16032,14013
2020-11-01,261306,133014,54080,24942,23026,7591,5070,6609,3617,1452,4989,3373,2908,5471,35877,6890,5241,11798,13412,15081,13702
2020-12-01,252163,127930,54902,21940,22802,6612,4379,6137,1951,1358,4855,3643,2602,4731,34047,6929,4819,9801,9752,12760,10925
2021-01-01,301377,141590,58381,27928,27662,7209,4886,6130,1823,1266,5577,3805,2867,4833,48045,6316,5252,14079,23395,18598,23672
2021-02-01,285891,137794,52786,26927,22772,6818,4840,6670,2089,1233,5410,3602,2819,5162,41774,8864,5150,10834,11319,13835,11793
2021-03-01,336691,167781,66974,27566,29024,8368,5901,6967,2558,1259,6916,4572,3246,5401,46517,7486,6420,12096,12842,15112,13564
2021-04-01,494556,174753,66233,24668,26956,7089,5117,6399,2202,1186,17289,4056,3497,4507,40586,7593,5712,10511,11001,13228,11676
2021-05-01,418179,156136,56330,23851,26579,8604,4686,5744,2103,1082,12548,3659,3000,4108,37633,6544,5327,10771,10950,13161,11516
2021-06-01,269339,124105,47796,18256,20268,6966,3753,4481,1787,933,7547,2954,2408,3389,29318,5430,5127,10114,9862,11886,10765
2021-07-01,279040,122338,55441,17908,19408,6010,3982,3899,2046,837,9672,2858,2394,4203,27534,5034,4533,10111,10038,12045,10868
2021-08-01,246793,121126,46873,18814,27875,6644,4044,4461,1731,850,7684,3020,2442,4194,29276,5469,4745,10142,9713,11899,10703
2021-09-01,273616,134657,53648,22373,22379,6455,4355,6055,1975,1018,8088,3111,2600,4646,33436,6609,4553,9362,9160,11441,9929
2021-10-01,272024,137727,53799,24113,24845,7157,4583,7237,2197,1061,8211,3332,2779,4862,35284,7251,5222,13247,12775,14693,12705
2021-11-01,276377,142131,55783,25039,24710,7083,4584,6675,2193,1185,7852,3304,2555,4321,32810,6989,5186,11368,10476,13087,11907
2021-12-01,278267,132798,50197,22641,24796,6212,4219,6709,1799,1172,7554,3543,2671,4406,30457,43642,5001,10220,9933,12346,10529
2022-01-01,287461,137559,54384,23442,22924,7695,4828,6035,2136,1017,8517,6697,2976,5036,37052,8967,5259,13360,12539,15694,13136
2022-02-01,256982,139650,52495,20506,21242,6450,4588,5740,2010,1013,7241,3231,2699,4942,41508,8628,5163,12685,11293,17676,11664
2022-03-01,271937,138662,58170,22009,22328,7832,4754,6097,2019,1038,6839,3451,2754,3764,31128,6484,5123,11833,11415,25209,11810
2022-04-01,269905,131777,69939,22209,22624,7371,5132,5664,1880,947,7293,3306,2875,3700,32528,6584,5251,11942,10964,14653,11956
2022-05-01,306666,140393,59586,22824,21908,7377,4665,5682,2065,1077,8719,3375,2750,3718,30804,6022,5145,13040,11382,14106,12849
2022-06-01,252715,118567,50148,20434,19663,7137,3916,4475,1741,888,7039,3013,2426,4872,29073,5221,4512,18331,17068,20375,18552
2022-07-01,225397,119569,50443,20010,19916,6520,3764,4383,1958,962,7197,3030,2408,4155,30110,5513,4400,16666,16304,18892,16604
2022-08-01,283743,139828,52356,21720,22321,7068,3976,5199,3332,970,10239,3214,2709,3381,34940,6590,5051,19060,17887,20038,18251
2022-09-01,306040,143676,54716,24414,22484,7226,4231,6024,2003,1063,9005,3156,2639,3913,31133,6564,5204,14991,15441,17584,15840
2022-10-01,292612,144391,55600,25797,22963,7813,4536,6515,1936,1120,8643,3797,2776,3984,36035,7071,5571,15990,16160,18235,17023
2022-11-01,274857,153430,63402,30114,23737,8073,4859,6234,2113,1082,7984,3426,2890,3745,35361,7021,5768,14647,15220,16427,16372
2022-12-01,257150,132096,54013,25668,21835,6873,4659,5716,1749,1118,8270,3210,2866,3081,32059,7171,4923,15740,17284,20539,19062
2023-01-01,314562,149807,64463,30941,25876,7306,4673,5648,1890,1130,8972,6975,3493,3778,35872,6773,5519,15406,15142,17876,17122
2023-02-01,280601,140748,57112,29088,23052,6703,4389,5541,2040,1013,8302,3376,2682,4065,31468,7930,5311,12324,11883,14100,13930
2023-03-01,314038,184656,61915,31822,27931,8286,5268,5508,2085,1162,9054,3879,3421,4381,36858,8137,6373,29550,23640,24132,24162
2023-04-01,287080,149466,58419,29580,26527,8491,5648,5452,2159,1057,8515,3704,3492,4168,39484,7095,6004,16786,16667,17199,17374
2023-05-01,298388,145600,59274,30464,25035,9150,5135,5412,2122,1330,8176,3889,3703,4191,35883,6675,5876,17056,16758,18858,18098
2023-06-01,253293,127242,54016,26325,21687,7083,4152,4143,1688,1132,6684,3400,2877,5243,30050,5760,5052,17506,16668,19114,19064
2023-07-01,256741,126127,54661,23790,21969,7444,4119,4065,1913,1139,6654,3175,2831,4160,30735,6434,5027,26311,25118,27565,27039
2023-08-01,257043,127416,56594,27915,22389,8261,4512,4094,1880,1020,6570,3243,2616,3017,29372,5898,4927,44686,51088,46042,47128
2023-09-01,270175,143757,60322,28264,23909,8273,4875,5092,1735,1127,5795,3281,3140,3865,31886,6323,5455,29716,31224,31384,31622
2023-10-01,283383,158290,63256,27581,25365,7484,4820,5806,1871,1176,6128,3425,3275,3974,33063,7120,5566,23133,22587,24481,22619
2023-11-01,266027,147199,61096,31600,25761,7868,4966,5203,1751,1230,5626,3273,2846,3590,34856,7483,5599,20115,17795,19821,18261
2023-12-01,247073,125939,58910,26847,25162,7230,4339,5036,1896,1239,5598,3490,2864,3293,38928,7240,5377,23847,25555,29696,24625
2024-01-01,303487,150778,65353,35858,27179,7899,5236,5895,1995,1312,6173,3818,3162,3813,41082,7278,5680,19407,20728,24927,19118
2024-02-01,266318,136895,62202,28344,25478,6902,4868,5761,2128,1203,5857,3439,2953,4087,34992,8192,5577,21277,21995,24971,21249
2024-03-01,271491,143474,57981,27960,26184,7885,5421,5395,2133,1217,5707,3685,3162,3868,33445,7318,5843,17947,18178,20440,17398
2024-04-01,272662,134785,56560,24974,26042,7991,4776,5272,1988,1186,5758,3675,2966,3682,33882,6945,5672,15664,21570,17577,15682
2024-05-01,252677,134576,57983,23766,30051,8957,4693,4993,1916,1154,5722,3439,3031,4066,31906,6526,5770,15243,16219,17203,15802
2024-06-01,197471,102842,43593,17638,28028,6467,3974,3863,2005,1081,4432,3098,2373,3197,23487,5680,4638,14896,15878,16113,15916
2024-07-01,258608,101955,41033,16470,23412,6495,3773,3446,1728,1045,4818,2929,2383,2779,22240,5411,5741,14772,14858,16803,15094
2024-08-01,230861,107319,45882,23443,21067,6190,4052,3777,1619,1096,4998,3011,2727,2876,24422,6013,4995,15095,14935,17278,14951
2024-09-01,232188,120049,49542,21433,24065,6852,4311,5022,1582,1120,4770,3223,2930,3842,25736,6658,4933,13507,13707,15098,13816
2024-10-01,262480,123572,55420,24733,23013,7101,4404,5064,1841,1221,5313,3477,2885,3852,25047,7383,5731,14501,14448,16481,14747
2024-11-01,361019,139060,58480,24170,34659,7024,5081,4698,1798,1413,7835,3479,2953,3562,28036,8129,5326,13108,13055,14773,13498
2024-12-01,254046,147664,67386,28145,24143,7207,4003,4535,2202,1350,5887,3617,2759,3189,25121,7295,5237,12280,12230,13168,12710
2025-01-01,263939,125103,52756,20721,25002,7765,4422,4532,2202,1226,6696,3801,2975,4406,26414,8175,5580,13106,13259,13914,12608
2025-02-01,213307,111056,46243,18292,24225,6923,4071,4579,1776,1123,5114,3290,2864,3600,23564,9620,5162,12989,13258,15304,12605
2025-03-01,232751,143059,47979,19922,26064,8317,4910,4696,1961,1257,5380,3722,2957,3711,26266,9175,5578,19126,13679,17170,13799
2025-04-01,218576,131207,66652,19682,23741,8133,4593,4488,1864,1072,5462,3899,3456,3620,25494,8699,5862,12104,11221,14780,12163
2025-05-01,216024,154503,55407,20258,24550,7984,4189,4484,1871,1264,5301,4091,3996,3430,28804,7779,5983,10997,10505,12638,11034
2025-06-01,162764,91315,39519,16517,20963,7079,3587,3579,1395,901,4326,3204,2414,2674,24386,6443,4672,9529,9793,11196,9492
2025-07-01,184738,109420,56097,16608,21136,7173,3398,3522,1765,897,4715,2894,2434,2200,20294,6268,4591,11014,11529,11905,10685
2025-08-01,189536,93843,45707,18955,22552,7426,3888,3761,1712,1053,4885,2987,2613,2446,22423,6996,4973,13027,12531,13294,12804
2025-09-01,200837,104557,52286,21502,23049,7319,4163,4613,1808,1291,5345,3577,2886,3056,25160,8645,5104,10642,10603,11056,10362
2025-10-01,207174,108737,53259,20432,23399,7550,4438,5193,2095,1123,5356,3740,2953,3159,25700,11739,5464,13523,13097,14020,12835
2025-11-01,181951,98966,47300,26108,22330,7136,4448,9548,1933,1214,4994,3526,3676,2942,23794,10736,5292,11356,11542,12069,11122
2025-12-01,172972,86063,42569,17897,21785,6691,3844,4847,1764,1103,5100,3808,3094,2828,24718,9726,5174,9793,9794,10565,9602
2026-01-01,186953,102648,46547,18428,23862,7861,4271,4764,1776,1037,5218,3870,3098,2958,24445,10795,5579,9928,9641,10353,9529
2026-02-01,174185,94051,41950,16317,21457,6327,3789,4326,1560,1035,4465,3085,2398,2841,22475,15988,4707,9950,9880,10221,9214
2026-03-01,173643,101463,51988,17640,22820,6998,4284,4380,1663,1100,4692,3496,2905,2767,23907,8543,5274,10520,10616,13308,10216
2026-04-01,176416,100763,68512,18356,23390,6864,4977,4355,1682,1124,4568,3623,3435,2691,23185,8217,5083,8787,8859,9617,8635
2026-05-01,200305,106120,57043,18278,23153,7135,4278,4247,1557,1252,5340,3544,3197,2642,24291,7941,5001,9260,8941,9310,8743
2026-06-01,145443,84757,47217,13807,18827,6165,3469,3778,1444,954,4065,2971,2623,2195,19498,6680,4367,10037,15068,9795,9331
2026-07-01,139749,75634,35463,12742,18808,5679,3256,3181,1539,848,3823,2541,2254,1804,18996,6341,4192,8504,8907,9531,8836
2026-08-01,147537,84226,37645,14087,19941,6298,3600,3404,1565,1171,4093,2750,2407,2086,19531,9193,4294,8466,9200,10662,8498
