term,subreddit,turtle_ctx,art_ctx
michelangelo,PsychologyofMJ,0,0
michelangelo,MauLer,0,0
michelangelo,gaming,0,1
michelangelo,Terraria,0,0
michelangelo,lgbt,0,0
michelangelo,3Dprinting,0,1
michelangelo,BeAmazed,1,1
michelangelo,TopCharacterTropes,1,0
michelangelo,BeAmazed,0,1
michelangelo,isthisAI,0,0
michelangelo,LovingMichaelJackson,0,0
michelangelo,isthisAI,0,0
michelangelo,Bicheros,0,0
michelangelo,Artificials,0,0
michelangelo,lovethissmug,1,0
michelangelo,LetGirlsHaveFun,0,0
michelangelo,DeathBattleMatchups,0,0
michelangelo,HouMingHao_,0,1
michelangelo,Letterboxd,0,0
michelangelo,AskReddit,0,0
michelangelo,videogames,0,0
michelangelo,MauLer,0,0
michelangelo,whenthe,0,0
michelangelo,extrememinimalism,0,0
michelangelo,aiwars,0,0
michelangelo,florence,0,0
michelangelo,PsychologyofMJ,0,1
michelangelo,NameThisThing,0,0
michelangelo,SALEM,0,0
michelangelo,Gomorrah,0,0
michelangelo,isthisAI,0,0
michelangelo,pointlesslygendered,1,1
michelangelo,RecuratedTumblr,0,1
michelangelo,whenthe,0,0
michelangelo,ExamineDeath,0,0
michelangelo,TerribleBookCovers,0,1
michelangelo,whenthe,0,0
michelangelo,DiagramFills,1,0
michelangelo,shameless,1,0
michelangelo,snowrunner,0,1
michelangelo,characters,0,0
michelangelo,aigamedev,0,0
michelangelo,steam_giveaway,1,0
michelangelo,Busty_Girls,0,0
michelangelo,aigamedev,0,0
michelangelo,SciFiQueens,0,0
michelangelo,designBR,0,0
michelangelo,hatethissmug,0,0
michelangelo,IndieDev,0,0
michelangelo,tearsofthekingdom,0,0
michelangelo,tearsofthekingdom,0,1
michelangelo,AmIOverreacting,0,0
michelangelo,FavoriteCharacter,0,0
michelangelo,FavoriteCharacter,0,0
michelangelo,FavoriteCharacter,0,0
michelangelo,rome,0,1
michelangelo,TwoSentenceHorror,0,0
michelangelo,deathnote,0,1
michelangelo,ProjectRunway,0,0
michelangelo,SciFiQueens,0,1
michelangelo,comicbooks,1,0
michelangelo,civ5,0,0
michelangelo,Fighters,0,0
michelangelo,ArtefactPorn,0,1
michelangelo,AlignmentChartFills,0,0
michelangelo,antiai,0,1
michelangelo,antiai,0,0
michelangelo,AskAGerman,0,1
michelangelo,VALORANT,0,1
michelangelo,CasualIT,0,0
michelangelo,mtg,0,0
michelangelo,bigclit,0,0
michelangelo,howardstern,0,0
michelangelo,mtg,0,0
michelangelo,mtg,0,0
michelangelo,CreepyArt,0,0
michelangelo,Warhammer40k,0,1
michelangelo,lgbt,0,0
michelangelo,lgbt,0,0
michelangelo,TMNT,0,0
michelangelo,civ5,0,0
michelangelo,askmovie,1,0
michelangelo,Xennials,0,0
michelangelo,lgbt,0,0
michelangelo,BeginnerWoodWorking,0,0
michelangelo,BTSnark,0,1
michelangelo,photography,0,1
michelangelo,aiecosystem,0,0
michelangelo,FictoHideout,0,0
michelangelo,aiwars,0,0
michelangelo,SparkOfCuriosity,0,0
michelangelo,airplaneears,0,0
michelangelo,TeenagersITA,0,0
michelangelo,colorpie,1,0
michelangelo,WomenAreNotIntoMen,0,1
michelangelo,NewMexico,0,0
michelangelo,Wordpress,0,0
michelangelo,NBAstatsmuse,0,1
michelangelo,podcasting,0,0
michelangelo,magicTCG,0,0
masaccio,firenze,0,0
masaccio,flatearth,0,0
masaccio,flatearth,0,0
masaccio,flatearth,0,1
masaccio,firenze,0,1
masaccio,flatearth,0,0
masaccio,flatearth,0,1
masaccio,flatearth,0,0
masaccio,flatearth,0,1
masaccio,ArtHistory,0,1
masaccio,cinematography,0,0
masaccio,ArtHistory,0,0
masaccio,MelbourneTrains,0,0
masaccio,espresso,0,0
masaccio,ArtHistory,0,0
masaccio,espresso,0,0
masaccio,espresso,0,0
masaccio,aiwars,0,0
masaccio,Pisa,0,0
masaccio,Catholicism,0,1
masaccio,AlignmentChartFills,0,1
masaccio,ArtHistory,0,1
masaccio,ArtHistory,0,1
masaccio,ArtHistory,0,1
masaccio,Italia,0,0
masaccio,Italia,0,0
masaccio,Italia,0,0
masaccio,Italia,0,0
masaccio,ArtHistory,0,0
masaccio,fictionkin,0,0
masaccio,mokapot,0,0
masaccio,whenthe,0,0
masaccio,aiwars,0,0
masaccio,DefendingAIArt,0,1
masaccio,70sdesign,0,0
masaccio,ArtHistory,0,0
masaccio,dresdenfiles,0,0
masaccio,florence,0,0
masaccio,TMNT,0,0
masaccio,homeassistant,0,0
masaccio,ArtefactPorn,0,1
masaccio,AccidentalRenaissance,0,1
masaccio,Italia,0,0
masaccio,Italia,0,0
masaccio,AskEurope,0,1
masaccio,ADTR,0,0
masaccio,RenaissanceArt,0,1
masaccio,museum,0,0
masaccio,TeenagersITA,0,0
masaccio,firenze,0,0
masaccio,florence,0,0
masaccio,BeautifulTravelPlaces,0,1
masaccio,trains,0,0
masaccio,AlignmentChartFills,0,1
masaccio,Italia,0,0
masaccio,florence,0,1
masaccio,GoodOmensAfterDark,0,0
masaccio,ItalyTravelHub,0,1
masaccio,highspeedrail,0,0
masaccio,ItalyTravelHub,0,1
masaccio,florence,0,1
masaccio,ArtHistory,0,1
masaccio,GodofWar,0,0
masaccio,CounterTops,0,0
masaccio,AMA,0,0
masaccio,sfoghi,0,0
masaccio,sfoghi,0,0
masaccio,redscarepod,0,1
masaccio,Italia,0,0
masaccio,Ethiopia,0,1
masaccio,ArtHistory,0,0
masaccio,ItalyTravel,0,1
masaccio,florence,0,0
masaccio,RenaissanceArt,0,0
masaccio,MyBoyfriendIsAI,0,1
masaccio,milano,0,0
masaccio,NoStupidQuestions,0,1
masaccio,ArtHistory,0,1
masaccio,ArtHistory,1,1
masaccio,writing,0,1
masaccio,mpcproxies,0,0
masaccio,ArtHistory,0,1
masaccio,ArtHistory,0,1
masaccio,florence,0,0
masaccio,DeathBattleMatchups,0,0
masaccio,memestorici,0,1
masaccio,Westerns,0,0
masaccio,Catholicism,0,1
masaccio,industrialmusic,0,0
masaccio,industrialmusic,0,0
masaccio,ArtHistory,0,1
masaccio,NudeBeach_freaks,0,0
masaccio,classicalArt,0,1
masaccio,Journaling,0,1
masaccio,Journaling,0,0
masaccio,Italia,0,0
masaccio,ArtistLounge,0,1
masaccio,ArtHistory,0,1
masaccio,Trieste,0,0
masaccio,bonecollecting,0,0
donatello,finch,1,0
donatello,StardustCrusaders,0,0
donatello,metalcassettetapes,0,0
donatello,StardustCrusaders,0,0
donatello,Terraria,0,0
donatello,StardustCrusaders,0,0
donatello,StardustCrusaders,0,0
donatello,Bicheros,0,0
donatello,Aleague,0,0
donatello,namenerds,1,0
donatello,TMNT,0,0
donatello,Meowi,0,0
donatello,deathbattle,0,0
donatello,IThinkYouShouldLeave,0,0
donatello,FavoriteCharacter,0,0
donatello,TMNT2012,0,0
donatello,FavoriteCharacter,0,0
donatello,FavoriteCharacter,1,0
donatello,Dachshund,0,0
donatello,NameThisThing,0,0
donatello,BeelcitosMemes,0,0
donatello,AskReddit,0,0
donatello,DiagramFills,1,0
donatello,NECATMNT,0,0
donatello,TMNT2012,0,0
donatello,ProCreate,0,0
donatello,Multifandom,1,0
donatello,gargoyles,0,0
donatello,FanfictionExchange,0,0
donatello,RedditGames,1,0
donatello,Bicheros,0,0
donatello,DiagramFills,0,0
donatello,mildlyinfuriating,0,0
donatello,characters,0,0
donatello,Multifandom,1,0
donatello,TMNT,0,0
donatello,characters,0,0
donatello,KamenRiderMemes,1,0
donatello,Jung,0,0
donatello,RaidShadowLegends,1,0
donatello,RaidShadowLegends,0,0
donatello,Bicheros,0,0
donatello,TMNT,0,0
donatello,jojobrasiladventures,0,0
donatello,TMNT,1,0
donatello,DiagramFills,0,0
donatello,TMNT,1,0
donatello,TMNT,0,0
donatello,TMNT,0,0
donatello,DiagramFills,1,0
donatello,FrenchReps,0,0
donatello,WrongAnswersOnlyPH,1,0
donatello,colorpie,1,0
donatello,DiagramFills,1,0
donatello,Mondo,1,0
donatello,leopardgeckos,0,0
donatello,Supernatural,0,0
donatello,daniellewalter_snark,0,1
donatello,DiagramFills,1,0
donatello,TMNT,0,0
donatello,MoralityScaling,1,0
donatello,TMNT,0,0
donatello,Funnymemes,0,0
donatello,Jazz,0,0
donatello,Stratocaster,0,0
donatello,gloucester,0,0
donatello,TMNT,1,0
donatello,amphibia,0,0
donatello,DiagramFills,0,0
donatello,WolverineMains,0,0
donatello,characters,1,0
donatello,ihatethissmug,1,0
donatello,TMNT,1,0
donatello,TMNT,1,0
donatello,WolverineMains,0,0
donatello,characters,1,0
donatello,TMNT,0,0
donatello,Legodimensions,0,0
donatello,Slovenia,0,0
donatello,Cinephiles,0,0
donatello,NECATMNT,1,0
donatello,TMNT,0,1
donatello,pokemongo,0,0
donatello,funComunitty,0,0
donatello,TMNT,0,0
donatello,TMNT,0,0
donatello,FanFiction,0,0
donatello,TMNT,0,0
donatello,politics,0,0
donatello,HeresTheCatch,1,0
donatello,TMNT,0,1
donatello,destiel,0,0
donatello,psx,0,0
donatello,UmamusumeFFS,1,0
donatello,Jaguars,1,0
donatello,characters,1,0
donatello,ravens,1,0
donatello,Multifandom,0,0
donatello,magicTCG,0,0
donatello,TMNT,0,0
raphael,RomanceClub,0,0
raphael,camouflage,0,0
raphael,fut,0,0
raphael,CristianoRonaldo2,0,0
raphael,TenseiSlime,0,0
raphael,bg3fashion,0,0
raphael,NoSodiumStarfield,0,0
raphael,AppsWebappsFullstack,0,0
raphael,ArtefactPorn,0,1
raphael,Terraria,0,0
raphael,TexasPolitics,0,0
raphael,RankYourPorn,0,0
raphael,Livros,0,0
raphael,ArtPorn,0,1
raphael,RenaissanceArt,0,1
raphael,museum,0,1
raphael,relacionamentos,0,0
raphael,relacionamentos,0,0
raphael,TenseiSlime,0,0
raphael,TenseiSlime,0,0
raphael,TopCharacterTropes,1,0
raphael,NSFW411,0,0
raphael,TopCharacterTropes,1,0
raphael,TopCharacterTropes,0,0
raphael,sexualidade,0,0
raphael,TenseiSlime,0,0
raphael,RhodeIsland,0,0
raphael,Bicheros,0,0
raphael,redscarepod,0,0
raphael,blanks,0,0
raphael,FictoHideout,0,0
raphael,TenseiSlime,0,0
raphael,PoursTea,0,0
raphael,SipsTea,0,0
raphael,StarCraftTMG,0,0
raphael,SipsTea,0,0
raphael,ChooseAPornstar,0,0
raphael,yugioh,0,0
raphael,WitchcraftCircleJerk,0,0
raphael,RomanceClub,0,0
raphael,DeathBattleMatchups,0,0
raphael,deinfluencingPH,0,0
raphael,transnames,0,0
raphael,Supernatural,0,0
raphael,TenseiSlime,0,0
raphael,TenseiSlime,0,0
raphael,rome,0,0
raphael,TenseiSlime,0,0
raphael,SoulCalibur,0,0
raphael,anime,0,0
raphael,WarhammerGermany,0,0
raphael,FictoHideout,0,0
raphael,RankYourPorn,0,0
raphael,Meowi,0,0
raphael,WarhammerGermany,0,0
raphael,EmmaMagnoliaFans,0,0
raphael,WarhammerGermany,0,0
raphael,books,0,0
raphael,WarhammerGermany,0,0
raphael,BaldursGate3,0,0
raphael,FACEITcom,0,0
raphael,PoursTea,0,0
raphael,vagabond,0,0
raphael,BaldursGate3,0,0
raphael,SoulCalibur,0,0
raphael,Supernatural,0,0
raphael,ichichs,0,0
raphael,TenseiSlime,0,0
raphael,TensuraPowerScaling,0,0
raphael,Fantasy,0,0
raphael,u_Pizzacakecomic,0,1
raphael,fo4,0,0
raphael,u_Pizzacakecomic,0,1
raphael,robloxasym,0,0
raphael,boston,0,0
raphael,shareyourmusic,0,0
raphael,PoursTea,0,0
raphael,quebeccity,0,0
raphael,HazbinHotel,0,0
raphael,BaldursGate3,0,0
raphael,makeafighter,0,0
raphael,AestheticWiki,0,0
raphael,TensuraPowerScaling,0,0
raphael,FavoriteCharacter,1,0
raphael,BaldursGate3,0,0
raphael,Germanlearning,0,0
raphael,startups,0,0
raphael,edtech,0,0
raphael,Zorro,0,0
raphael,BaldursGate3,0,0
raphael,multilingualparenting,0,0
raphael,parenting_tech,0,0
raphael,minipainting,0,1
raphael,PoursTea,0,0
raphael,BabyNames,0,0
raphael,TenseiSlime,0,0
raphael,democrats,0,0
raphael,isthisAI,0,0
raphael,FireEmblemHeroes,0,0
raphael,democrats,0,0
