date,donatello purple,raphael red,titian color,isPartial
2004-01-01,0,0,0,False
2004-02-01,0,0,0,False
2004-03-01,0,0,0,False
2004-04-01,0,0,0,False
2004-05-01,0,0,0,False
2004-06-01,0,0,0,False
2004-07-01,0,0,0,False
2004-08-01,0,0,0,False
2004-09-01,0,0,0,False
2004-10-01,0,0,0,False
2004-11-01,0,0,0,False
2004-12-01,0,0,0,False
2005-01-01,0,0,0,False
2005-02-01,0,44,0,False
2005-03-01,0,0,0,False
2005-04-01,0,0,0,False
2005-05-01,0,39,0,False
2005-06-01,0,0,0,False
2005-07-01,0,0,0,False
2005-08-01,0,0,0,False
2005-09-01,0,0,0,False
2005-10-01,0,0,0,False
2005-11-01,0,0,0,False
2005-12-01,0,0,0,False
2006-01-01,0,0,0,False
2006-02-01,0,0,0,False
2006-03-01,0,27,0,False
2006-04-01,0,0,0,False
2006-05-01,0,0,0,False
2006-06-01,0,0,0,False
2006-07-01,0,0,0,False
2006-08-01,0,0,0,False
2006-09-01,0,25,0,False
2006-10-01,0,0,0,False
2006-11-01,0,0,0,False
2006-12-01,0,0,0,False
2007-01-01,0,18,0,False
2007-02-01,0,19,0,False
2007-03-01,0,0,0,False
2007-04-01,0,17,0,False
2007-05-01,0,0,0,False
2007-06-01,0,0,0,False
2007-07-01,0,0,0,False
2007-08-01,0,13,0,False
2007-09-01,0,0,0,False
2007-10-01,0,0,0,False
2007-11-01,0,0,0,False
2007-12-01,0,13,0,False
2008-01-01,0,10,0,False
2008-02-01,0,0,0,False
2008-03-01,0,0,0,False
2008-04-01,0,9,0,False
2008-05-01,0,0,0,False
2008-06-01,0,11,0,False
2008-07-01,0,14,0,False
2008-08-01,0,22,0,False
2008-09-01,0,12,12,False
2008-10-01,0,13,0,False
2008-11-01,0,13,10,False
2008-12-01,0,19,0,False
2009-01-01,0,14,0,False
2009-02-01,0,14,0,False
2009-03-01,0,19,0,False
2009-04-01,0,16,0,False
2009-05-01,0,12,0,False
2009-06-01,0,9,0,False
2009-07-01,0,14,0,False
2009-08-01,0,0,0,False
2009-09-01,0,10,0,False
2009-10-01,0,14,0,False
2009-11-01,0,10,0,False
2009-12-01,0,14,0,False
2010-01-01,0,10,0,False
2010-02-01,0,9,0,False
2010-03-01,0,10,0,False
2010-04-01,0,8,0,False
2010-05-01,0,9,0,False
2010-06-01,0,8,0,False
2010-07-01,0,16,0,False
2010-08-01,0,9,0,False
2010-09-01,0,10,0,False
2010-10-01,6,15,0,False
2010-11-01,0,14,0,False
2010-12-01,0,7,8,False
2011-01-01,0,11,0,False
2011-02-01,0,9,0,False
2011-03-01,0,15,0,False
2011-04-01,0,13,0,False
2011-05-01,0,14,0,False
2011-06-01,0,18,0,False
2011-07-01,0,12,0,False
2011-08-01,0,14,0,False
2011-09-01,5,14,0,False
2011-10-01,4,19,4,False
2011-11-01,0,13,4,False
2011-12-01,0,14,5,False
2012-01-01,0,12,0,False
2012-02-01,4,13,0,False
2012-03-01,0,11,4,False
2012-04-01,0,9,5,False
2012-05-01,0,13,4,False
2012-06-01,0,15,4,False
2012-07-01,0,10,7,False
2012-08-01,0,15,4,False
2012-09-01,0,19,0,False
2012-10-01,0,14,4,False
2012-11-01,0,13,3,False
2012-12-01,3,17,5,False
2013-01-01,0,10,5,False
2013-02-01,0,13,4,False
2013-03-01,4,13,3,False
2013-04-01,0,14,6,False
2013-05-01,0,14,4,False
2013-06-01,3,10,5,False
2013-07-01,3,11,3,False
2013-08-01,0,12,4,False
2013-09-01,2,11,5,False
2013-10-01,3,13,3,False
2013-11-01,0,12,3,False
2013-12-01,0,10,3,False
2014-01-01,0,12,3,False
2014-02-01,2,14,3,False
2014-03-01,2,14,3,False
2014-04-01,2,11,5,False
2014-05-01,0,14,5,False
2014-06-01,0,10,5,False
2014-07-01,3,12,5,False
2014-08-01,6,17,4,False
2014-09-01,4,15,3,False
2014-10-01,5,17,3,False
2014-11-01,4,13,4,False
2014-12-01,4,14,5,False
2015-01-01,0,15,6,False
2015-02-01,3,12,5,False
2015-03-01,4,13,3,False
2015-04-01,0,15,4,False
2015-05-01,2,21,4,False
2015-06-01,0,13,4,False
2015-07-01,3,12,4,False
2015-08-01,2,12,4,False
2015-09-01,0,15,3,False
2015-10-01,6,13,5,False
2015-11-01,2,10,3,False
2015-12-01,4,12,0,False
2016-01-01,0,12,3,False
2016-02-01,0,11,3,False
2016-03-01,0,12,4,False
2016-04-01,2,10,3,False
2016-05-01,0,12,3,False
2016-06-01,3,13,4,False
2016-07-01,0,10,5,False
2016-08-01,0,10,3,False
2016-09-01,0,11,6,False
2016-10-01,3,12,4,False
2016-11-01,0,10,6,False
2016-12-01,3,11,7,False
2017-01-01,0,10,7,False
2017-02-01,0,14,7,False
2017-03-01,2,11,5,False
2017-04-01,0,11,6,False
2017-05-01,0,9,8,False
2017-06-01,0,12,6,False
2017-07-01,0,10,8,False
2017-08-01,0,14,6,False
2017-09-01,0,10,8,False
2017-10-01,4,12,7,False
2017-11-01,0,11,4,False
2017-12-01,0,13,8,False
2018-01-01,0,11,7,False
2018-02-01,0,13,6,False
2018-03-01,0,11,4,False
2018-04-01,0,14,3,False
2018-05-01,0,10,4,False
2018-06-01,0,10,4,False
2018-07-01,0,13,3,False
2018-08-01,0,9,3,False
2018-09-01,0,10,3,False
2018-10-01,0,14,3,False
2018-11-01,0,10,3,False
2018-12-01,0,10,3,False
2019-01-01,0,11,4,False
2019-02-01,0,11,5,False
2019-03-01,0,10,3,False
2019-04-01,0,9,4,False
2019-05-01,0,8,4,False
2019-06-01,0,9,4,False
2019-07-01,0,12,4,False
2019-08-01,0,10,2,False
2019-09-01,2,10,2,False
2019-10-01,2,11,4,False
2019-11-01,3,11,3,False
2019-12-01,0,8,3,False
2020-01-01,2,11,2,False
2020-02-01,0,11,4,False
2020-03-01,0,9,4,False
2020-04-01,0,10,5,False
2020-05-01,0,12,5,False
2020-06-01,0,18,4,False
2020-07-01,0,15,5,False
2020-08-01,1,12,4,False
2020-09-01,0,10,5,False
2020-10-01,0,12,3,False
2020-11-01,0,10,5,False
2020-12-01,0,11,4,False
2021-01-01,2,17,4,False
2021-02-01,0,10,3,False
2021-03-01,0,11,4,False
2021-04-01,0,11,3,False
2021-05-01,0,10,3,False
2021-06-01,0,16,2,False
2021-07-01,0,13,0,False
2021-08-01,0,12,3,False
2021-09-01,0,11,4,False
2021-10-01,3,10,4,False
2021-11-01,0,9,3,False
2021-12-01,0,11,3,False
2022-01-01,0,13,5,False
2022-02-01,0,11,3,False
2022-03-01,0,11,4,False
2022-04-01,2,13,5,False
2022-05-01,0,14,4,False
2022-06-01,1,14,3,False
2022-07-01,2,15,3,False
2022-08-01,2,14,4,False
2022-09-01,2,15,4,False
2022-10-01,4,14,4,False
2022-11-01,0,14,4,False
2022-12-01,3,14,4,False
2023-01-01,2,12,4,False
2023-02-01,1,13,5,False
2023-03-01,2,11,5,False
2023-04-01,2,10,5,False
2023-05-01,2,12,5,False
2023-06-01,2,12,4,False
2023-07-01,4,12,2,False
2023-08-01,6,14,4,False
2023-09-01,5,15,5,False
2023-10-01,6,17,7,False
2023-11-01,2,16,4,False
2023-12-01,3,13,3,False
2024-01-01,2,16,5,False
2024-02-01,2,16,5,False
2024-03-01,3,14,4,False
2024-04-01,2,14,6,False
2024-05-01,2,13,3,False
2024-06-01,2,16,4,False
2024-07-01,0,16,3,False
2024-08-01,3,16,4,False
2024-09-01,3,14,7,False
2024-10-01,3,15,6,False
2024-11-01,4,15,5,False
2024-12-01,3,18,4,False
2025-01-01,2,15,4,False
2025-02-01,0,17,6,False
2025-03-01,2,17,6,False
2025-04-01,2,15,5,False
2025-05-01,3,17,4,False
2025-06-01,2,20,4,False
2025-07-01,2,19,4,False
2025-08-01,3,37,3,False
2025-09-01,4,32,6,False
2025-10-01,5,29,8,False
2025-11-01,2,37,9,False
2025-12-01,2,26,5,False
2026-01-01,5,34,6,False
2026-02-01,5,50,11,False
2026-03-01,5,49,7,False
2026-04-01,11,63,9,False
2026-05-01,14,68,10,False
2026-06-01,6,67,5,False
2026-07-01,3,100,4,False
2026-08-01,4,36,4,False
2026-09-01,2,30,3,True
